filename,fold,target,category,esc10,src_file,take
2 (68).wav,1,0,Gunshots,True,100033,A
6 (88).wav,1,0,Gunshots,True,100034,A
1 (48).wav,1,0,Gunshots,True,100035,A
6 (81).wav,1,0,Gunshots,True,100036,A
4 (3).wav,1,0,Gunshots,True,100037,A
1 (60).wav,1,0,Gunshots,True,100038,A
5 (62).wav,1,0,Gunshots,True,100039,A
4 (9).wav,1,0,Gunshots,True,100040,A
5 (86).wav,1,0,Gunshots,True,100041,A
4 (16).wav,1,0,Gunshots,True,100042,A
9 (58).wav,1,0,Gunshots,True,100043,A
4 (58).wav,1,0,Gunshots,True,100044,A
7 (96).wav,1,0,Gunshots,True,100045,A
4 (89).wav,1,0,Gunshots,True,100046,A
3 (78).wav,1,0,Gunshots,True,100047,A
9 (76).wav,1,0,Gunshots,True,100048,A
9 (25).wav,1,0,Gunshots,True,100049,A
4 (35).wav,1,0,Gunshots,True,100050,A
4 (76).wav,1,0,Gunshots,True,100051,A
5 (20).wav,1,0,Gunshots,True,100052,A
2 (21).wav,1,0,Gunshots,True,100053,A
7 (18).wav,1,0,Gunshots,True,100054,A
1 (44).wav,1,0,Gunshots,True,100055,A
5 (59).wav,1,0,Gunshots,True,100056,A
6 (86).wav,1,0,Gunshots,True,100057,A
3 (30).wav,1,0,Gunshots,True,100058,A
5 (31).wav,1,0,Gunshots,True,100059,A
7 (69).wav,1,0,Gunshots,True,100060,A
5 (70).wav,1,0,Gunshots,True,100061,A
4 (36).wav,1,0,Gunshots,True,100062,A
7 (76).wav,1,0,Gunshots,True,100063,A
2 (94).wav,1,0,Gunshots,True,100064,A
7 (48).wav,1,0,Gunshots,True,100065,A
8 (19).wav,1,0,Gunshots,True,100066,A
7 (27).wav,1,0,Gunshots,True,100067,A
2 (76).wav,1,0,Gunshots,True,100068,A
6 (66).wav,1,0,Gunshots,True,100069,A
6 (46).wav,1,0,Gunshots,True,100070,A
9 (32).wav,1,0,Gunshots,True,100071,A
6 (83).wav,1,0,Gunshots,True,100072,A
6 (78).wav,1,0,Gunshots,True,100073,A
1 (54).wav,1,0,Gunshots,True,100074,A
3 (64).wav,1,0,Gunshots,True,100075,A
3 (67).wav,1,0,Gunshots,True,100076,A
5 (28).wav,1,0,Gunshots,True,100077,A
3 (5).wav,1,0,Gunshots,True,100078,A
9 (48).wav,1,0,Gunshots,True,100079,A
8 (93).wav,1,0,Gunshots,True,100080,A
5 (44).wav,1,0,Gunshots,True,100081,A
8 (47).wav,1,0,Gunshots,True,100082,A
7 (73).wav,1,0,Gunshots,True,100083,A
6 (18).wav,1,0,Gunshots,True,100084,A
5 (25).wav,1,0,Gunshots,True,100085,A
2 (38).wav,1,0,Gunshots,True,100086,A
4 (79).wav,1,0,Gunshots,True,100087,A
3 (79).wav,1,0,Gunshots,True,100088,A
7 (57).wav,1,0,Gunshots,True,100089,A
9 (14).wav,1,0,Gunshots,True,100090,A
2 (34).wav,1,0,Gunshots,True,100091,A
6 (30).wav,1,0,Gunshots,True,100092,A
9 (43).wav,1,0,Gunshots,True,100093,A
6 (60).wav,1,0,Gunshots,True,100094,A
4 (32).wav,1,0,Gunshots,True,100095,A
9 (78).wav,1,0,Gunshots,True,100096,A
9 (21).wav,1,0,Gunshots,True,100097,A
6 (7).wav,1,0,Gunshots,True,100098,A
3 (86).wav,1,0,Gunshots,True,100099,A
2 (96).wav,1,0,Gunshots,True,100100,A
2 (9).wav,1,0,Gunshots,True,100101,A
6 (16).wav,1,0,Gunshots,True,100102,A
7 (75).wav,1,0,Gunshots,True,100103,A
2 (6).wav,1,0,Gunshots,True,100104,A
6 (40).wav,1,0,Gunshots,True,100105,A
7 (87).wav,1,0,Gunshots,True,100106,A
5 (32).wav,1,0,Gunshots,True,100107,A
6 (82).wav,1,0,Gunshots,True,100108,A
8 (13).wav,1,0,Gunshots,True,100109,A
7 (63).wav,1,0,Gunshots,True,100110,A
2 (18).wav,1,0,Gunshots,True,100111,A
8 (46).wav,1,0,Gunshots,True,100112,A
4 (81).wav,1,0,Gunshots,True,100113,A
2 (81).wav,1,0,Gunshots,True,100114,A
1 (50).wav,1,0,Gunshots,True,100115,A
9 (77).wav,1,0,Gunshots,True,100116,A
8 (73).wav,1,0,Gunshots,True,100117,A
1 (35).wav,1,0,Gunshots,True,100118,A
7 (26).wav,1,0,Gunshots,True,100119,A
1 (14).wav,1,0,Gunshots,True,100120,A
3 (93).wav,1,0,Gunshots,True,100121,A
9 (6).wav,1,0,Gunshots,True,100122,A
6 (28).wav,1,0,Gunshots,True,100123,A
4 (40).wav,1,0,Gunshots,True,100124,A
1 (69).wav,1,0,Gunshots,True,100125,A
2 (26).wav,1,0,Gunshots,True,100126,A
5 (27).wav,1,0,Gunshots,True,100127,A
8 (48).wav,1,0,Gunshots,True,100128,A
8 (70).wav,1,0,Gunshots,True,100129,A
8 (5).wav,1,0,Gunshots,True,100130,A
8 (27).wav,1,0,Gunshots,True,100131,A
5 (80).wav,1,0,Gunshots,True,100132,A
1 (34).wav,1,0,Gunshots,True,100133,A
3 (23).wav,1,0,Gunshots,True,100134,A
3 (40).wav,1,0,Gunshots,True,100135,A
1 (38).wav,1,0,Gunshots,True,100136,A
1 (28).wav,1,0,Gunshots,True,100137,A
8 (12).wav,1,0,Gunshots,True,100138,A
1 (58).wav,1,0,Gunshots,True,100139,A
3 (85).wav,1,0,Gunshots,True,100140,A
7 (13).wav,1,0,Gunshots,True,100141,A
8 (92).wav,1,0,Gunshots,True,100142,A
5 (19).wav,1,0,Gunshots,True,100143,A
8 (63).wav,1,0,Gunshots,True,100144,A
5 (82).wav,1,0,Gunshots,True,100145,A
6 (50).wav,1,0,Gunshots,True,100146,A
2 (67).wav,1,0,Gunshots,True,100147,A
9 (24).wav,1,0,Gunshots,True,100148,A
1 (40).wav,1,0,Gunshots,True,100149,A
5 (53).wav,1,0,Gunshots,True,100150,A
1 (31).wav,1,0,Gunshots,True,100151,A
8 (61).wav,1,0,Gunshots,True,100152,A
5 (64).wav,1,0,Gunshots,True,100153,A
7 (14).wav,1,0,Gunshots,True,100154,A
5 (56).wav,1,0,Gunshots,True,100155,A
3 (32).wav,1,0,Gunshots,True,100156,A
8 (28).wav,1,0,Gunshots,True,100157,A
2 (56).wav,1,0,Gunshots,True,100158,A
5 (1).wav,1,0,Gunshots,True,100159,A
3 (53).wav,1,0,Gunshots,True,100160,A
2 (5).wav,1,0,Gunshots,True,100161,A
3 (87).wav,1,0,Gunshots,True,100162,A
6 (3).wav,1,0,Gunshots,True,100163,A
8 (88).wav,1,0,Gunshots,True,100164,A
4 (38).wav,1,0,Gunshots,True,100165,A
2 (14).wav,1,0,Gunshots,True,100166,A
2 (28).wav,1,0,Gunshots,True,100167,A
9 (29).wav,1,0,Gunshots,True,100168,A
2 (23).wav,1,0,Gunshots,True,100169,A
3 (35).wav,1,0,Gunshots,True,100170,A
2 (20).wav,1,0,Gunshots,True,100171,A
8 (53).wav,1,0,Gunshots,True,100172,A
8 (74).wav,1,0,Gunshots,True,100173,A
3 (3).wav,1,0,Gunshots,True,100174,A
7 (45).wav,1,0,Gunshots,True,100175,A
1 (62).wav,1,0,Gunshots,True,100176,A
8 (9).wav,1,0,Gunshots,True,100177,A
3 (27).wav,1,0,Gunshots,True,100178,A
2 (3).wav,1,0,Gunshots,True,100179,A
9 (59).wav,1,0,Gunshots,True,100180,A
9 (51).wav,1,0,Gunshots,True,100181,A
2 (1).wav,1,0,Gunshots,True,100182,A
1 (23).wav,1,0,Gunshots,True,100183,A
3 (1).wav,1,0,Gunshots,True,100184,A
5 (63).wav,1,0,Gunshots,True,100185,A
5 (4).wav,1,0,Gunshots,True,100186,A
5 (91).wav,1,0,Gunshots,True,100187,A
9 (47).wav,1,0,Gunshots,True,100188,A
9 (2).wav,1,0,Gunshots,True,100189,A
2 (4).wav,1,0,Gunshots,True,100190,A
3 (60).wav,1,0,Gunshots,True,100191,A
1 (70).wav,1,0,Gunshots,True,100192,A
3 (14).wav,1,0,Gunshots,True,100193,A
2 (95).wav,1,0,Gunshots,True,100194,A
3 (24).wav,1,0,Gunshots,True,100195,A
8 (16).wav,1,0,Gunshots,True,100196,A
5 (45).wav,1,0,Gunshots,True,100197,A
2 (42).wav,1,0,Gunshots,True,100198,A
5 (89).wav,1,0,Gunshots,True,100199,A
7 (3).wav,1,0,Gunshots,True,100200,A
5 (3).wav,1,0,Gunshots,True,100201,A
2 (59).wav,1,0,Gunshots,True,100202,A
6 (24).wav,1,0,Gunshots,True,100203,A
4 (60).wav,1,0,Gunshots,True,100204,A
2 (57).wav,1,0,Gunshots,True,100205,A
3 (19).wav,1,0,Gunshots,True,100206,A
2 (70).wav,1,0,Gunshots,True,100207,A
7 (28).wav,1,0,Gunshots,True,100208,A
3 (41).wav,1,0,Gunshots,True,100209,A
5 (2).wav,1,0,Gunshots,True,100210,A
3 (63).wav,1,0,Gunshots,True,100211,A
7 (84).wav,1,0,Gunshots,True,100212,A
4 (34).wav,1,0,Gunshots,True,100213,A
9 (28).wav,1,0,Gunshots,True,100214,A
6 (8).wav,1,0,Gunshots,True,100215,A
2 (65).wav,1,0,Gunshots,True,100216,A
8 (71).wav,1,0,Gunshots,True,100217,A
6 (58).wav,1,0,Gunshots,True,100218,A
1 (36).wav,1,0,Gunshots,True,100219,A
8 (36).wav,1,0,Gunshots,True,100220,A
8 (38).wav,1,0,Gunshots,True,100221,A
9 (5).wav,1,0,Gunshots,True,100222,A
4 (48).wav,1,0,Gunshots,True,100223,A
6 (39).wav,1,0,Gunshots,True,100224,A
7 (94).wav,1,0,Gunshots,True,100225,A
7 (70).wav,1,0,Gunshots,True,100226,A
5 (78).wav,1,0,Gunshots,True,100227,A
2 (47).wav,1,0,Gunshots,True,100228,A
2 (63).wav,1,0,Gunshots,True,100229,A
1 (63).wav,1,0,Gunshots,True,100230,A
9 (57).wav,1,0,Gunshots,True,100231,A
1 (30).wav,1,0,Gunshots,True,100232,A
5 (13).wav,1,0,Gunshots,True,100233,A
9 (35).wav,1,0,Gunshots,True,100234,A
8 (8).wav,1,0,Gunshots,True,100235,A
7 (9).wav,1,0,Gunshots,True,100236,A
5 (100).wav,1,0,Gunshots,True,100237,A
3 (95).wav,1,0,Gunshots,True,100238,A
4 (23).wav,1,0,Gunshots,True,100239,A
6 (76).wav,1,0,Gunshots,True,100240,A
5 (73).wav,1,0,Gunshots,True,100241,A
5 (17).wav,1,0,Gunshots,True,100242,A
9 (74).wav,1,0,Gunshots,True,100243,A
9 (68).wav,1,0,Gunshots,True,100244,A
5 (34).wav,1,0,Gunshots,True,100245,A
6 (44).wav,1,0,Gunshots,True,100246,A
2 (50).wav,1,0,Gunshots,True,100247,A
6 (67).wav,1,0,Gunshots,True,100248,A
8 (10).wav,1,0,Gunshots,True,100249,A
8 (4).wav,1,0,Gunshots,True,100250,A
3 (91).wav,1,0,Gunshots,True,100251,A
2 (58).wav,1,0,Gunshots,True,100252,A
6 (34).wav,1,0,Gunshots,True,100253,A
3 (96).wav,1,0,Gunshots,True,100254,A
8 (54).wav,1,0,Gunshots,True,100255,A
4 (65).wav,1,0,Gunshots,True,100256,A
2 (66).wav,1,0,Gunshots,True,100257,A
9 (54).wav,1,0,Gunshots,True,100258,A
9 (82).wav,1,0,Gunshots,True,100259,A
5 (54).wav,1,0,Gunshots,True,100260,A
4 (78).wav,1,0,Gunshots,True,100261,A
7 (35).wav,1,0,Gunshots,True,100262,A
1 (67).wav,1,0,Gunshots,True,100263,A
6 (41).wav,1,0,Gunshots,True,100264,A
8 (26).wav,1,0,Gunshots,True,100265,A
4 (53).wav,1,0,Gunshots,True,100266,A
7 (71).wav,1,0,Gunshots,True,100267,A
4 (39).wav,1,0,Gunshots,True,100268,A
8 (51).wav,1,0,Gunshots,True,100269,A
5 (33).wav,1,0,Gunshots,True,100270,A
7 (51).wav,1,0,Gunshots,True,100271,A
7 (74).wav,1,0,Gunshots,True,100272,A
5 (30).wav,1,0,Gunshots,True,100273,A
2 (39).wav,1,0,Gunshots,True,100274,A
8 (35).wav,1,0,Gunshots,True,100275,A
7 (11).wav,1,0,Gunshots,True,100276,A
2 (43).wav,1,0,Gunshots,True,100277,A
1 (11).wav,1,0,Gunshots,True,100278,A
9 (75).wav,1,0,Gunshots,True,100279,A
1 (65).wav,1,0,Gunshots,True,100280,A
3 (37).wav,1,0,Gunshots,True,100281,A
7 (1).wav,1,0,Gunshots,True,100282,A
6 (35).wav,1,0,Gunshots,True,100283,A
5 (23).wav,1,0,Gunshots,True,100284,A
4 (2).wav,1,0,Gunshots,True,100285,A
5 (16).wav,1,0,Gunshots,True,100286,A
5 (61).wav,1,0,Gunshots,True,100287,A
9 (15).wav,1,0,Gunshots,True,100288,A
7 (31).wav,1,0,Gunshots,True,100289,A
7 (49).wav,1,0,Gunshots,True,100290,A
4 (75).wav,1,0,Gunshots,True,100291,A
6 (95).wav,1,0,Gunshots,True,100292,A
4 (12).wav,1,0,Gunshots,True,100293,A
2 (54).wav,1,0,Gunshots,True,100294,A
4 (96).wav,1,0,Gunshots,True,100295,A
9 (49).wav,1,0,Gunshots,True,100296,A
6 (73).wav,1,0,Gunshots,True,100297,A
8 (7).wav,1,0,Gunshots,True,100298,A
8 (15).wav,1,0,Gunshots,True,100299,A
9 (40).wav,1,0,Gunshots,True,100300,A
7 (93).wav,1,0,Gunshots,True,100301,A
3 (15).wav,1,0,Gunshots,True,100302,A
8 (39).wav,1,0,Gunshots,True,100303,A
4 (1).wav,1,0,Gunshots,True,100304,A
6 (55).wav,1,0,Gunshots,True,100305,A
8 (82).wav,1,0,Gunshots,True,100306,A
9 (63).wav,1,0,Gunshots,True,100307,A
8 (33).wav,1,0,Gunshots,True,100308,A
9 (27).wav,1,0,Gunshots,True,100309,A
4 (6).wav,1,0,Gunshots,True,100310,A
6 (25).wav,1,0,Gunshots,True,100311,A
9 (16).wav,1,0,Gunshots,True,100312,A
2 (72).wav,1,0,Gunshots,True,100313,A
7 (17).wav,1,0,Gunshots,True,100314,A
7 (39).wav,1,0,Gunshots,True,100315,A
5 (55).wav,1,0,Gunshots,True,100316,A
7 (47).wav,1,0,Gunshots,True,100317,A
7 (79).wav,1,0,Gunshots,True,100318,A
8 (42).wav,1,0,Gunshots,True,100319,A
2 (86).wav,1,0,Gunshots,True,100320,A
4 (69).wav,1,0,Gunshots,True,100321,A
2 (78).wav,1,0,Gunshots,True,100322,A
3 (48).wav,1,0,Gunshots,True,100323,A
3 (10).wav,1,0,Gunshots,True,100324,A
4 (83).wav,1,0,Gunshots,True,100325,A
6 (89).wav,1,0,Gunshots,True,100326,A
2 (13).wav,1,0,Gunshots,True,100327,A
3 (46).wav,1,0,Gunshots,True,100328,A
2 (74).wav,1,0,Gunshots,True,100329,A
8 (64).wav,1,0,Gunshots,True,100330,A
3 (22).wav,1,0,Gunshots,True,100331,A
5 (76).wav,1,0,Gunshots,True,100332,A
2 (77).wav,1,0,Gunshots,True,100333,A
7 (53).wav,1,0,Gunshots,True,100334,A
6 (27).wav,1,0,Gunshots,True,100335,A
7 (98).wav,1,0,Gunshots,True,100336,A
1 (27).wav,1,0,Gunshots,True,100337,A
9 (1).wav,1,0,Gunshots,True,100338,A
6 (38).wav,1,0,Gunshots,True,100339,A
3 (56).wav,1,0,Gunshots,True,100340,A
1 (18).wav,1,0,Gunshots,True,100341,A
5 (40).wav,1,0,Gunshots,True,100342,A
3 (45).wav,1,0,Gunshots,True,100343,A
3 (39).wav,1,0,Gunshots,True,100344,A
2 (25).wav,1,0,Gunshots,True,100345,A
3 (77).wav,1,0,Gunshots,True,100346,A
6 (48).wav,1,0,Gunshots,True,100347,A
1 (1).wav,1,0,Gunshots,True,100348,A
5 (92).wav,1,0,Gunshots,True,100349,A
8 (40).wav,1,0,Gunshots,True,100350,A
4 (43).wav,1,0,Gunshots,True,100351,A
1 (24).wav,1,0,Gunshots,True,100352,A
3 (38).wav,1,0,Gunshots,True,100353,A
9 (7).wav,1,0,Gunshots,True,100354,A
6 (5).wav,1,0,Gunshots,True,100355,A
7 (8).wav,1,0,Gunshots,True,100356,A
1 (22).wav,1,0,Gunshots,True,100357,A
4 (80).wav,1,0,Gunshots,True,100358,A
9 (12).wav,1,0,Gunshots,True,100359,A
7 (86).wav,1,0,Gunshots,True,100360,A
2 (62).wav,1,0,Gunshots,True,100361,A
4 (59).wav,1,0,Gunshots,True,100362,A
4 (51).wav,1,0,Gunshots,True,100363,A
4 (85).wav,1,0,Gunshots,True,100364,A
6 (70).wav,1,0,Gunshots,True,100365,A
1 (17).wav,1,0,Gunshots,True,100366,A
4 (21).wav,1,0,Gunshots,True,100367,A
7 (59).wav,1,0,Gunshots,True,100368,A
8 (2).wav,1,0,Gunshots,True,100369,A
6 (56).wav,1,0,Gunshots,True,100370,A
8 (52).wav,1,0,Gunshots,True,100371,A
5 (21).wav,1,0,Gunshots,True,100372,A
4 (54).wav,1,0,Gunshots,True,100373,A
4 (50).wav,1,0,Gunshots,True,100374,A
9 (65).wav,1,0,Gunshots,True,100375,A
4 (31).wav,1,0,Gunshots,True,100376,A
2 (92).wav,1,0,Gunshots,True,100377,A
6 (13).wav,1,0,Gunshots,True,100378,A
6 (45).wav,1,0,Gunshots,True,100379,A
9 (69).wav,1,0,Gunshots,True,100380,A
3 (6).wav,1,0,Gunshots,True,100381,A
1 (68).wav,1,0,Gunshots,True,100382,A
7 (97).wav,1,0,Gunshots,True,100383,A
4 (46).wav,1,0,Gunshots,True,100384,A
3 (33).wav,1,0,Gunshots,True,100385,A
2 (46).wav,1,0,Gunshots,True,100386,A
5 (42).wav,1,0,Gunshots,True,100387,A
4 (97).wav,1,0,Gunshots,True,100388,A
4 (84).wav,1,0,Gunshots,True,100389,A
2 (41).wav,1,0,Gunshots,True,100390,A
4 (17).wav,1,0,Gunshots,True,100391,A
3 (55).wav,1,0,Gunshots,True,100392,A
5 (6).wav,1,0,Gunshots,True,100393,A
1 (41).wav,1,0,Gunshots,True,100394,A
5 (35).wav,1,0,Gunshots,True,100395,A
1 (3).wav,1,0,Gunshots,True,100396,A
3 (13).wav,1,0,Gunshots,True,100397,A
2 (8).wav,1,0,Gunshots,True,100398,A
9 (71).wav,1,0,Gunshots,True,100399,A
2 (85).wav,1,0,Gunshots,True,100400,A
9 (80).wav,1,0,Gunshots,True,100401,A
3 (29).wav,1,0,Gunshots,True,100402,A
6 (9).wav,1,0,Gunshots,True,100403,A
5 (50).wav,1,0,Gunshots,True,100404,A
7 (32).wav,1,0,Gunshots,True,100405,A
2 (35).wav,1,0,Gunshots,True,100406,A
5 (58).wav,1,0,Gunshots,True,100407,A
3 (90).wav,1,0,Gunshots,True,100408,A
7 (24).wav,1,0,Gunshots,True,100409,A
7 (30).wav,1,0,Gunshots,True,100410,A
4 (63).wav,1,0,Gunshots,True,100411,A
1 (2).wav,1,0,Gunshots,True,100412,A
9 (53).wav,1,0,Gunshots,True,100413,A
3 (58).wav,1,0,Gunshots,True,100414,A
1 (53).wav,1,0,Gunshots,True,100415,A
5 (77).wav,1,0,Gunshots,True,100416,A
3 (44).wav,1,0,Gunshots,True,100417,A
6 (23).wav,1,0,Gunshots,True,100418,A
6 (94).wav,1,0,Gunshots,True,100419,A
7 (19).wav,1,0,Gunshots,True,100420,A
1 (10).wav,1,0,Gunshots,True,100421,A
9 (52).wav,1,0,Gunshots,True,100422,A
6 (90).wav,1,0,Gunshots,True,100423,A
6 (47).wav,1,0,Gunshots,True,100424,A
9 (11).wav,1,0,Gunshots,True,100425,A
8 (31).wav,1,0,Gunshots,True,100426,A
4 (61).wav,1,0,Gunshots,True,100427,A
4 (42).wav,1,0,Gunshots,True,100428,A
6 (15).wav,1,0,Gunshots,True,100429,A
6 (6).wav,1,0,Gunshots,True,100430,A
1 (45).wav,1,0,Gunshots,True,100431,A
7 (46).wav,1,0,Gunshots,True,100432,A
5 (67).wav,1,0,Gunshots,True,100433,A
4 (44).wav,1,0,Gunshots,True,100434,A
2 (61).wav,1,0,Gunshots,True,100435,A
2 (29).wav,1,0,Gunshots,True,100436,A
3 (94).wav,1,0,Gunshots,True,100437,A
4 (20).wav,1,0,Gunshots,True,100438,A
5 (9).wav,1,0,Gunshots,True,100439,A
5 (5).wav,1,0,Gunshots,True,100440,A
8 (83).wav,1,0,Gunshots,True,100441,A
2 (37).wav,1,0,Gunshots,True,100442,A
5 (69).wav,1,0,Gunshots,True,100443,A
3 (57).wav,1,0,Gunshots,True,100444,A
5 (84).wav,1,0,Gunshots,True,100445,A
3 (76).wav,1,0,Gunshots,True,100446,A
2 (93).wav,1,0,Gunshots,True,100447,A
5 (52).wav,1,0,Gunshots,True,100448,A
7 (83).wav,1,0,Gunshots,True,100449,A
6 (1).wav,1,0,Gunshots,True,100450,A
1 (15).wav,1,0,Gunshots,True,100451,A
3 (49).wav,1,0,Gunshots,True,100452,A
2 (99).wav,1,0,Gunshots,True,100453,A
6 (77).wav,1,0,Gunshots,True,100454,A
9 (46).wav,1,0,Gunshots,True,100455,A
7 (43).wav,1,0,Gunshots,True,100456,A
3 (28).wav,1,0,Gunshots,True,100457,A
3 (20).wav,1,0,Gunshots,True,100458,A
7 (56).wav,1,0,Gunshots,True,100459,A
3 (70).wav,1,0,Gunshots,True,100460,A
8 (90).wav,1,0,Gunshots,True,100461,A
4 (66).wav,1,0,Gunshots,True,100462,A
9 (61).wav,1,0,Gunshots,True,100463,A
7 (38).wav,1,0,Gunshots,True,100464,A
5 (90).wav,1,0,Gunshots,True,100465,A
9 (41).wav,1,0,Gunshots,True,100466,A
2 (98).wav,1,0,Gunshots,True,100467,A
3 (52).wav,1,0,Gunshots,True,100468,A
5 (14).wav,1,0,Gunshots,True,100469,A
2 (71).wav,1,0,Gunshots,True,100470,A
2 (69).wav,1,0,Gunshots,True,100471,A
8 (41).wav,1,0,Gunshots,True,100472,A
7 (37).wav,1,0,Gunshots,True,100473,A
6 (20).wav,1,0,Gunshots,True,100474,A
8 (89).wav,1,0,Gunshots,True,100475,A
7 (21).wav,1,0,Gunshots,True,100476,A
5 (57).wav,1,0,Gunshots,True,100477,A
4 (14).wav,1,0,Gunshots,True,100478,A
3 (18).wav,1,0,Gunshots,True,100479,A
1 (39).wav,1,0,Gunshots,True,100480,A
6 (80).wav,1,0,Gunshots,True,100481,A
1 (13).wav,1,0,Gunshots,True,100482,A
1 (33).wav,1,0,Gunshots,True,100483,A
2 (87).wav,1,0,Gunshots,True,100484,A
5 (85).wav,1,0,Gunshots,True,100485,A
5 (18).wav,1,0,Gunshots,True,100486,A
1 (42).wav,1,0,Gunshots,True,100487,A
8 (75).wav,1,0,Gunshots,True,100488,A
2 (36).wav,1,0,Gunshots,True,100489,A
9 (3).wav,1,0,Gunshots,True,100490,A
6 (26).wav,1,0,Gunshots,True,100491,A
1 (72).wav,1,0,Gunshots,True,100492,A
2 (31).wav,1,0,Gunshots,True,100493,A
6 (4).wav,1,0,Gunshots,True,100494,A
4 (7).wav,1,0,Gunshots,True,100495,A
2 (22).wav,1,0,Gunshots,True,100496,A
6 (54).wav,1,0,Gunshots,True,100497,A
2 (55).wav,1,0,Gunshots,True,100498,A
3 (17).wav,1,0,Gunshots,True,100499,A
1 (12).wav,1,0,Gunshots,True,100500,A
3 (50).wav,1,0,Gunshots,True,100501,A
2 (52).wav,1,0,Gunshots,True,100502,A
7 (41).wav,1,0,Gunshots,True,100503,A
3 (80).wav,1,0,Gunshots,True,100504,A
6 (75).wav,1,0,Gunshots,True,100505,A
4 (24).wav,1,0,Gunshots,True,100506,A
8 (59).wav,1,0,Gunshots,True,100507,A
4 (99).wav,1,0,Gunshots,True,100508,A
3 (72).wav,1,0,Gunshots,True,100509,A
4 (19).wav,1,0,Gunshots,True,100510,A
5 (46).wav,1,0,Gunshots,True,100511,A
3 (7).wav,1,0,Gunshots,True,100512,A
1 (4).wav,1,0,Gunshots,True,100513,A
9 (60).wav,1,0,Gunshots,True,100514,A
2 (80).wav,1,0,Gunshots,True,100515,A
9 (39).wav,1,0,Gunshots,True,100516,A
6 (2).wav,1,0,Gunshots,True,100517,A
5 (41).wav,1,0,Gunshots,True,100518,A
3 (69).wav,1,0,Gunshots,True,100519,A
3 (2).wav,1,0,Gunshots,True,100520,A
1 (19).wav,1,0,Gunshots,True,100521,A
9 (55).wav,1,0,Gunshots,True,100522,A
3 (68).wav,1,0,Gunshots,True,100523,A
1 (16).wav,1,0,Gunshots,True,100524,A
6 (49).wav,1,0,Gunshots,True,100525,A
8 (37).wav,1,0,Gunshots,True,100526,A
9 (67).wav,1,0,Gunshots,True,100527,A
8 (67).wav,1,0,Gunshots,True,100528,A
4 (11).wav,1,0,Gunshots,True,100529,A
6 (57).wav,1,0,Gunshots,True,100530,A
8 (25).wav,1,0,Gunshots,True,100531,A
1 (43).wav,1,0,Gunshots,True,100532,A
4 (22).wav,1,0,Gunshots,True,100533,A
8 (95).wav,1,0,Gunshots,True,100534,A
8 (62).wav,1,0,Gunshots,True,100535,A
7 (25).wav,1,0,Gunshots,True,100536,A
5 (99).wav,1,0,Gunshots,True,100537,A
9 (70).wav,1,0,Gunshots,True,100538,A
5 (10).wav,1,0,Gunshots,True,100539,A
2 (24).wav,1,0,Gunshots,True,100540,A
9 (79).wav,1,0,Gunshots,True,100541,A
4 (41).wav,1,0,Gunshots,True,100542,A
5 (39).wav,1,0,Gunshots,True,100543,A
2 (11).wav,1,0,Gunshots,True,100544,A
5 (94).wav,1,0,Gunshots,True,100545,A
7 (16).wav,1,0,Gunshots,True,100546,A
4 (64).wav,1,0,Gunshots,True,100547,A
2 (60).wav,1,0,Gunshots,True,100548,A
6 (61).wav,1,0,Gunshots,True,100549,A
4 (13).wav,1,0,Gunshots,True,100550,A
8 (23).wav,1,0,Gunshots,True,100551,A
6 (29).wav,1,0,Gunshots,True,100552,A
9 (81).wav,1,0,Gunshots,True,100553,A
3 (42).wav,1,0,Gunshots,True,100554,A
8 (56).wav,1,0,Gunshots,True,100555,A
4 (74).wav,1,0,Gunshots,True,100556,A
8 (57).wav,1,0,Gunshots,True,100557,A
7 (65).wav,1,0,Gunshots,True,100558,A
5 (15).wav,1,0,Gunshots,True,100559,A
2 (89).wav,1,0,Gunshots,True,100560,A
6 (14).wav,1,0,Gunshots,True,100561,A
1 (57).wav,1,0,Gunshots,True,100562,A
4 (47).wav,1,0,Gunshots,True,100563,A
4 (93).wav,1,0,Gunshots,True,100564,A
1 (21).wav,1,0,Gunshots,True,100565,A
7 (78).wav,1,0,Gunshots,True,100566,A
7 (89).wav,1,0,Gunshots,True,100567,A
9 (36).wav,1,0,Gunshots,True,100568,A
2 (33).wav,1,0,Gunshots,True,100569,A
9 (4).wav,1,0,Gunshots,True,100570,A
1 (66).wav,1,0,Gunshots,True,100571,A
6 (92).wav,1,0,Gunshots,True,100572,A
6 (21).wav,1,0,Gunshots,True,100573,A
2 (100).wav,1,0,Gunshots,True,100574,A
3 (75).wav,1,0,Gunshots,True,100575,A
8 (99).wav,1,0,Gunshots,True,100576,A
2 (19).wav,1,0,Gunshots,True,100577,A
4 (68).wav,1,0,Gunshots,True,100578,A
4 (15).wav,1,0,Gunshots,True,100579,A
7 (64).wav,1,0,Gunshots,True,100580,A
6 (17).wav,1,0,Gunshots,True,100581,A
9 (9).wav,1,0,Gunshots,True,100582,A
5 (66).wav,1,0,Gunshots,True,100583,A
2 (30).wav,1,0,Gunshots,True,100584,A
7 (42).wav,1,0,Gunshots,True,100585,A
5 (65).wav,1,0,Gunshots,True,100586,A
3 (61).wav,1,0,Gunshots,True,100587,A
4 (37).wav,1,0,Gunshots,True,100588,A
5 (95).wav,1,0,Gunshots,True,100589,A
7 (12).wav,1,0,Gunshots,True,100590,A
6 (69).wav,1,0,Gunshots,True,100591,A
1 (52).wav,1,0,Gunshots,True,100592,A
8 (44).wav,1,0,Gunshots,True,100593,A
9 (33).wav,1,0,Gunshots,True,100594,A
3 (54).wav,1,0,Gunshots,True,100595,A
3 (9).wav,1,0,Gunshots,True,100596,A
9 (64).wav,1,0,Gunshots,True,100597,A
7 (88).wav,1,0,Gunshots,True,100598,A
6 (33).wav,1,0,Gunshots,True,100599,A
8 (68).wav,1,0,Gunshots,True,100600,A
4 (95).wav,1,0,Gunshots,True,100601,A
8 (45).wav,1,0,Gunshots,True,100602,A
8 (86).wav,1,0,Gunshots,True,100603,A
3 (71).wav,1,0,Gunshots,True,100604,A
5 (87).wav,1,0,Gunshots,True,100605,A
2 (12).wav,1,0,Gunshots,True,100606,A
6 (65).wav,1,0,Gunshots,True,100607,A
5 (88).wav,1,0,Gunshots,True,100608,A
4 (77).wav,1,0,Gunshots,True,100609,A
8 (85).wav,1,0,Gunshots,True,100610,A
8 (84).wav,1,0,Gunshots,True,100611,A
2 (17).wav,1,0,Gunshots,True,100612,A
1 (29).wav,1,0,Gunshots,True,100613,A
5 (83).wav,1,0,Gunshots,True,100614,A
9 (34).wav,1,0,Gunshots,True,100615,A
2 (2).wav,1,0,Gunshots,True,100616,A
4 (82).wav,1,0,Gunshots,True,100617,A
8 (97).wav,1,0,Gunshots,True,100618,A
3 (83).wav,1,0,Gunshots,True,100619,A
6 (51).wav,1,0,Gunshots,True,100620,A
6 (37).wav,1,0,Gunshots,True,100621,A
2 (48).wav,1,0,Gunshots,True,100622,A
6 (22).wav,1,0,Gunshots,True,100623,A
2 (75).wav,1,0,Gunshots,True,100624,A
4 (33).wav,1,0,Gunshots,True,100625,A
2 (84).wav,1,0,Gunshots,True,100626,A
9 (38).wav,1,0,Gunshots,True,100627,A
8 (77).wav,1,0,Gunshots,True,100628,A
6 (62).wav,1,0,Gunshots,True,100629,A
1 (9).wav,1,0,Gunshots,True,100630,A
7 (2).wav,1,0,Gunshots,True,100631,A
5 (75).wav,1,0,Gunshots,True,100632,A
6 (64).wav,1,0,Gunshots,True,100633,A
8 (69).wav,1,0,Gunshots,True,100634,A
3 (16).wav,1,0,Gunshots,True,100635,A
4 (4).wav,1,0,Gunshots,True,100636,A
9 (20).wav,1,0,Gunshots,True,100637,A
4 (29).wav,1,0,Gunshots,True,100638,A
3 (84).wav,1,0,Gunshots,True,100639,A
3 (8).wav,1,0,Gunshots,True,100640,A
9 (42).wav,1,0,Gunshots,True,100641,A
5 (79).wav,1,0,Gunshots,True,100642,A
8 (14).wav,1,0,Gunshots,True,100643,A
4 (26).wav,1,0,Gunshots,True,100644,A
7 (40).wav,1,0,Gunshots,True,100645,A
4 (92).wav,1,0,Gunshots,True,100646,A
5 (8).wav,1,0,Gunshots,True,100647,A
6 (12).wav,1,0,Gunshots,True,100648,A
4 (45).wav,1,0,Gunshots,True,100649,A
4 (71).wav,1,0,Gunshots,True,100650,A
8 (96).wav,1,0,Gunshots,True,100651,A
7 (95).wav,1,0,Gunshots,True,100652,A
8 (21).wav,1,0,Gunshots,True,100653,A
6 (43).wav,1,0,Gunshots,True,100654,A
4 (70).wav,1,0,Gunshots,True,100655,A
6 (53).wav,1,0,Gunshots,True,100656,A
8 (80).wav,1,0,Gunshots,True,100657,A
6 (31).wav,1,0,Gunshots,True,100658,A
8 (58).wav,1,0,Gunshots,True,100659,A
8 (24).wav,1,0,Gunshots,True,100660,A
3 (62).wav,1,0,Gunshots,True,100661,A
4 (67).wav,1,0,Gunshots,True,100662,A
6 (59).wav,1,0,Gunshots,True,100663,A
8 (34).wav,1,0,Gunshots,True,100664,A
9 (10).wav,1,0,Gunshots,True,100665,A
4 (8).wav,1,0,Gunshots,True,100666,A
1 (47).wav,1,0,Gunshots,True,100667,A
7 (62).wav,1,0,Gunshots,True,100668,A
3 (81).wav,1,0,Gunshots,True,100669,A
4 (94).wav,1,0,Gunshots,True,100670,A
8 (79).wav,1,0,Gunshots,True,100671,A
2 (15).wav,1,0,Gunshots,True,100672,A
2 (32).wav,1,0,Gunshots,True,100673,A
2 (49).wav,1,0,Gunshots,True,100674,A
9 (26).wav,1,0,Gunshots,True,100675,A
6 (96).wav,1,0,Gunshots,True,100676,A
8 (72).wav,1,0,Gunshots,True,100677,A
4 (56).wav,1,0,Gunshots,True,100678,A
9 (8).wav,1,0,Gunshots,True,100679,A
8 (78).wav,1,0,Gunshots,True,100680,A
5 (97).wav,1,0,Gunshots,True,100681,A
7 (4).wav,1,0,Gunshots,True,100682,A
4 (27).wav,1,0,Gunshots,True,100683,A
1 (55).wav,1,0,Gunshots,True,100684,A
4 (100).wav,1,0,Gunshots,True,100685,A
8 (100).wav,1,0,Gunshots,True,100686,A
7 (10).wav,1,0,Gunshots,True,100687,A
3 (65).wav,1,0,Gunshots,True,100688,A
5 (22).wav,1,0,Gunshots,True,100689,A
2 (83).wav,1,0,Gunshots,True,100690,A
5 (47).wav,1,0,Gunshots,True,100691,A
3 (73).wav,1,0,Gunshots,True,100692,A
4 (25).wav,1,0,Gunshots,True,100693,A
2 (45).wav,1,0,Gunshots,True,100694,A
2 (73).wav,1,0,Gunshots,True,100695,A
5 (24).wav,1,0,Gunshots,True,100696,A
8 (20).wav,1,0,Gunshots,True,100697,A
7 (33).wav,1,0,Gunshots,True,100698,A
2 (51).wav,1,0,Gunshots,True,100699,A
6 (63).wav,1,0,Gunshots,True,100700,A
3 (74).wav,1,0,Gunshots,True,100701,A
2 (79).wav,1,0,Gunshots,True,100702,A
2 (27).wav,1,0,Gunshots,True,100703,A
4 (18).wav,1,0,Gunshots,True,100704,A
3 (26).wav,1,0,Gunshots,True,100705,A
9 (44).wav,1,0,Gunshots,True,100706,A
8 (65).wav,1,0,Gunshots,True,100707,A
9 (18).wav,1,0,Gunshots,True,100708,A
5 (49).wav,1,0,Gunshots,True,100709,A
7 (15).wav,1,0,Gunshots,True,100710,A
7 (58).wav,1,0,Gunshots,True,100711,A
7 (80).wav,1,0,Gunshots,True,100712,A
1-23094-B-15_16000_mono_16bit.wav,1,0,Other,True,100713,A
2-108766-A-9_16000_mono_16bit.wav,1,0,Other,True,100714,A
1-40154-A-46_16000_mono_16bit.wav,1,0,Other,True,100715,A
1-40967-A-28_16000_mono_16bit.wav,1,0,Other,True,100716,A
1-51805-E-33_16000_mono_16bit.wav,1,0,Other,True,100717,A
1-50060-A-10_16000_mono_16bit.wav,1,0,Other,True,100718,A
1-24074-A-43_16000_mono_16bit.wav,1,0,Other,True,100719,A
1-18527-A-44_16000_mono_16bit.wav,1,0,Other,True,100720,A
1-59102-A-13_16000_mono_16bit.wav,1,0,Other,True,100721,A
1-51147-A-25_16000_mono_16bit.wav,1,0,Other,True,100722,A
1-38559-A-14_16000_mono_16bit.wav,1,0,Other,True,100723,A
2-66637-B-20_16000_mono_16bit.wav,1,0,Other,True,100724,A
1-76831-B-42_16000_mono_16bit.wav,1,0,Other,True,100725,A
2-68391-A-41_16000_mono_16bit.wav,1,0,Other,True,100726,A
1-96950-A-9_16000_mono_16bit.wav,1,0,Other,True,100727,A
1-44831-A-1_16000_mono_16bit.wav,1,0,Other,True,100728,A
2-104877-A-3_16000_mono_16bit.wav,1,0,Other,True,100729,A
1-30043-A-26_16000_mono_16bit.wav,1,0,Other,True,100730,A
1-211527-A-20_16000_mono_16bit.wav,1,0,Other,True,100731,A
1-31836-B-4_16000_mono_16bit.wav,1,0,Other,True,100732,A
1-84705-A-39_16000_mono_16bit.wav,1,0,Other,True,100733,A
2-108763-A-9_16000_mono_16bit.wav,1,0,Other,True,100734,A
1-160563-A-48_16000_mono_16bit.wav,1,0,Other,True,100735,A
1-16568-A-3_16000_mono_16bit.wav,1,0,Other,True,100736,A
1-47819-C-5_16000_mono_16bit.wav,1,0,Other,True,100737,A
2-39443-A-19_16000_mono_16bit.wav,1,0,Other,True,100738,A
1-54918-B-14_16000_mono_16bit.wav,1,0,Other,True,100739,A
1-51035-A-16_16000_mono_16bit.wav,1,0,Other,True,100740,A
1-20545-A-28_16000_mono_16bit.wav,1,0,Other,True,100741,A
1-17565-A-12_16000_mono_16bit.wav,1,0,Other,True,100742,A
2-85139-A-13_16000_mono_16bit.wav,1,0,Other,True,100743,A
1-43807-C-47_16000_mono_16bit.wav,1,0,Other,True,100744,A
2-43802-A-42_16000_mono_16bit.wav,1,0,Other,True,100745,A
1-121951-A-8_16000_mono_16bit.wav,1,0,Other,True,100746,A
1-60676-A-34_16000_mono_16bit.wav,1,0,Other,True,100747,A
2-57191-A-46_16000_mono_16bit.wav,1,0,Other,True,100748,A
1-85362-A-0_16000_mono_16bit.wav,1,0,Other,True,100749,A
1-20133-A-39_16000_mono_16bit.wav,1,0,Other,True,100750,A
2-84693-A-49_16000_mono_16bit.wav,1,0,Other,True,100751,A
1-115921-A-22_16000_mono_16bit.wav,1,0,Other,True,100752,A
2-98866-A-47_16000_mono_16bit.wav,1,0,Other,True,100753,A
2-72547-B-14_16000_mono_16bit.wav,1,0,Other,True,100754,A
1-28135-B-11_16000_mono_16bit.wav,1,0,Other,True,100755,A
2-96063-A-37_16000_mono_16bit.wav,1,0,Other,True,100756,A
1-50455-A-44_16000_mono_16bit.wav,1,0,Other,True,100757,A
1-50661-A-44_16000_mono_16bit.wav,1,0,Other,True,100758,A
2-98676-A-24_16000_mono_16bit.wav,1,0,Other,True,100759,A
2-100786-A-1_16000_mono_16bit.wav,1,0,Other,True,100760,A
1-1791-A-26_16000_mono_16bit.wav,1,0,Other,True,100761,A
1-30830-A-24_16000_mono_16bit.wav,1,0,Other,True,100762,A
2-106487-A-44_16000_mono_16bit.wav,1,0,Other,True,100763,A
1-39835-A-9_16000_mono_16bit.wav,1,0,Other,True,100764,A
1-254507-A-43_16000_mono_16bit.wav,1,0,Other,True,100765,A
2-60791-A-26_16000_mono_16bit.wav,1,0,Other,True,100766,A
1-85184-A-39_16000_mono_16bit.wav,1,0,Other,True,100767,A
1-172649-D-40_16000_mono_16bit.wav,1,0,Other,True,100768,A
1-110537-A-22_16000_mono_16bit.wav,1,0,Other,True,100769,A
1-51805-D-33_16000_mono_16bit.wav,1,0,Other,True,100770,A
2-51630-A-49_16000_mono_16bit.wav,1,0,Other,True,100771,A
1-155858-F-25_16000_mono_16bit.wav,1,0,Other,True,100772,A
1-115545-C-48_16000_mono_16bit.wav,1,0,Other,True,100773,A
1-36397-A-23_16000_mono_16bit.wav,1,0,Other,True,100774,A
2-39945-A-19_16000_mono_16bit.wav,1,0,Other,True,100775,A
1-115545-A-48_16000_mono_16bit.wav,1,0,Other,True,100776,A
1-29680-A-21_16000_mono_16bit.wav,1,0,Other,True,100777,A
2-107351-A-20_16000_mono_16bit.wav,1,0,Other,True,100778,A
1-18810-A-49_16000_mono_16bit.wav,1,0,Other,True,100779,A
1-104089-A-22_16000_mono_16bit.wav,1,0,Other,True,100780,A
1-56233-A-9_16000_mono_16bit.wav,1,0,Other,True,100781,A
1-50454-A-44_16000_mono_16bit.wav,1,0,Other,True,100782,A
1-56270-A-29_16000_mono_16bit.wav,1,0,Other,True,100783,A
1-17092-B-27_16000_mono_16bit.wav,1,0,Other,True,100784,A
1-56907-A-46_16000_mono_16bit.wav,1,0,Other,True,100785,A
1-88409-B-45_16000_mono_16bit.wav,1,0,Other,True,100786,A
2-104952-B-16_16000_mono_16bit.wav,1,0,Other,True,100787,A
1-37226-A-29_16000_mono_16bit.wav,1,0,Other,True,100788,A
2-37806-D-40_16000_mono_16bit.wav,1,0,Other,True,100789,A
1-30344-A-0_16000_mono_16bit.wav,1,0,Other,True,100790,A
1-21421-A-46_16000_mono_16bit.wav,1,0,Other,True,100791,A
1-62594-A-32_16000_mono_16bit.wav,1,0,Other,True,100792,A
1-54918-A-14_16000_mono_16bit.wav,1,0,Other,True,100793,A
1-54084-A-42_16000_mono_16bit.wav,1,0,Other,True,100794,A
1-17150-A-12_16000_mono_16bit.wav,1,0,Other,True,100795,A
1-80785-A-7_16000_mono_16bit.wav,1,0,Other,True,100796,A
2-59566-A-46_16000_mono_16bit.wav,1,0,Other,True,100797,A
1-101296-A-19_16000_mono_16bit.wav,1,0,Other,True,100798,A
2-99955-C-7_16000_mono_16bit.wav,1,0,Other,True,100799,A
2-96033-A-13_16000_mono_16bit.wav,1,0,Other,True,100800,A
1-19872-B-36_16000_mono_16bit.wav,1,0,Other,True,100801,A
2-68595-A-15_16000_mono_16bit.wav,1,0,Other,True,100802,A
1-23094-A-15_16000_mono_16bit.wav,1,0,Other,True,100803,A
2-50774-A-23_16000_mono_16bit.wav,1,0,Other,True,100804,A
2-72547-A-14_16000_mono_16bit.wav,1,0,Other,True,100805,A
1-84393-A-32_16000_mono_16bit.wav,1,0,Other,True,100806,A
1-115546-A-48_16000_mono_16bit.wav,1,0,Other,True,100807,A
1-30709-A-23_16000_mono_16bit.wav,1,0,Other,True,100808,A
1-51436-A-17_16000_mono_16bit.wav,1,0,Other,True,100809,A
2-60900-A-22_16000_mono_16bit.wav,1,0,Other,True,100810,A
1-43382-A-1_16000_mono_16bit.wav,1,0,Other,True,100811,A
1-25781-A-48_16000_mono_16bit.wav,1,0,Other,True,100812,A
2-87794-A-24_16000_mono_16bit.wav,1,0,Other,True,100813,A
2-52085-B-4_16000_mono_16bit.wav,1,0,Other,True,100814,A
2-64963-A-15_16000_mono_16bit.wav,1,0,Other,True,100815,A
1-51805-A-33_16000_mono_16bit.wav,1,0,Other,True,100816,A
1-51170-A-18_16000_mono_16bit.wav,1,0,Other,True,100817,A
1-30039-A-26_16000_mono_16bit.wav,1,0,Other,True,100818,A
1-115521-A-19_16000_mono_16bit.wav,1,0,Other,True,100819,A
1-85123-A-31_16000_mono_16bit.wav,1,0,Other,True,100820,A
2-50666-A-20_16000_mono_16bit.wav,1,0,Other,True,100821,A
1-81883-A-21_16000_mono_16bit.wav,1,0,Other,True,100822,A
1-96890-A-37_16000_mono_16bit.wav,1,0,Other,True,100823,A
1-34853-A-37_16000_mono_16bit.wav,1,0,Other,True,100824,A
1-18074-A-6_16000_mono_16bit.wav,1,0,Other,True,100825,A
1-19872-A-36_16000_mono_16bit.wav,1,0,Other,True,100826,A
1-91359-A-11_16000_mono_16bit.wav,1,0,Other,True,100827,A
2-108761-A-14_16000_mono_16bit.wav,1,0,Other,True,100828,A
2-70052-B-42_16000_mono_16bit.wav,1,0,Other,True,100829,A
1-15689-A-4_16000_mono_16bit.wav,1,0,Other,True,100830,A
1-50688-A-17_16000_mono_16bit.wav,1,0,Other,True,100831,A
1-75162-A-9_16000_mono_16bit.wav,1,0,Other,True,100832,A
2-60794-A-26_16000_mono_16bit.wav,1,0,Other,True,100833,A
1-4211-A-12_16000_mono_16bit.wav,1,0,Other,True,100834,A
2-72268-A-6_16000_mono_16bit.wav,1,0,Other,True,100835,A
2-109371-D-16_16000_mono_16bit.wav,1,0,Other,True,100836,A
1-115920-A-22_16000_mono_16bit.wav,1,0,Other,True,100837,A
2-32515-A-4_16000_mono_16bit.wav,1,0,Other,True,100838,A
1-85909-A-29_16000_mono_16bit.wav,1,0,Other,True,100839,A
2-109371-C-16_16000_mono_16bit.wav,1,0,Other,True,100840,A
1-53501-A-32_16000_mono_16bit.wav,1,0,Other,True,100841,A
1-88574-A-8_16000_mono_16bit.wav,1,0,Other,True,100842,A
2-91912-B-33_16000_mono_16bit.wav,1,0,Other,True,100843,A
1-54752-A-18_16000_mono_16bit.wav,1,0,Other,True,100844,A
1-67230-A-29_16000_mono_16bit.wav,1,0,Other,True,100845,A
2-102414-C-17_16000_mono_16bit.wav,1,0,Other,True,100846,A
2-50667-B-41_16000_mono_16bit.wav,1,0,Other,True,100847,A
2-107228-A-44_16000_mono_16bit.wav,1,0,Other,True,100848,A
2-39945-B-19_16000_mono_16bit.wav,1,0,Other,True,100849,A
1-24796-A-47_16000_mono_16bit.wav,1,0,Other,True,100850,A
1-208757-B-2_16000_mono_16bit.wav,1,0,Other,True,100851,A
2-82455-A-23_16000_mono_16bit.wav,1,0,Other,True,100852,A
2-66637-A-20_16000_mono_16bit.wav,1,0,Other,True,100853,A
1-61212-A-32_16000_mono_16bit.wav,1,0,Other,True,100854,A
1-17808-A-12_16000_mono_16bit.wav,1,0,Other,True,100855,A
1-5996-A-6_16000_mono_16bit.wav,1,0,Other,True,100856,A
1-79236-A-36_16000_mono_16bit.wav,1,0,Other,True,100857,A
2-87781-A-10_16000_mono_16bit.wav,1,0,Other,True,100858,A
1-119125-A-45_16000_mono_16bit.wav,1,0,Other,True,100859,A
2-83688-A-34_16000_mono_16bit.wav,1,0,Other,True,100860,A
2-70052-A-42_16000_mono_16bit.wav,1,0,Other,True,100861,A
2-95567-A-23_16000_mono_16bit.wav,1,0,Other,True,100862,A
1-19026-A-43_16000_mono_16bit.wav,1,0,Other,True,100863,A
2-107228-B-44_16000_mono_16bit.wav,1,0,Other,True,100864,A
1-72195-B-37_16000_mono_16bit.wav,1,0,Other,True,100865,A
2-76408-B-22_16000_mono_16bit.wav,1,0,Other,True,100866,A
2-69131-A-5_16000_mono_16bit.wav,1,0,Other,True,100867,A
1-42139-A-38_16000_mono_16bit.wav,1,0,Other,True,100868,A
1-19111-A-24_16000_mono_16bit.wav,1,0,Other,True,100869,A
1-64398-A-41_16000_mono_16bit.wav,1,0,Other,True,100870,A
2-87412-A-24_16000_mono_16bit.wav,1,0,Other,True,100871,A
2-59241-A-35_16000_mono_16bit.wav,1,0,Other,True,100872,A
1-103995-A-30_16000_mono_16bit.wav,1,0,Other,True,100873,A
2-81970-B-7_16000_mono_16bit.wav,1,0,Other,True,100874,A
2-83934-B-5_16000_mono_16bit.wav,1,0,Other,True,100875,A
1-39901-A-11_16000_mono_16bit.wav,1,0,Other,True,100876,A
1-47709-A-16_16000_mono_16bit.wav,1,0,Other,True,100877,A
2-103426-A-3_16000_mono_16bit.wav,1,0,Other,True,100878,A
1-46744-A-36_16000_mono_16bit.wav,1,0,Other,True,100879,A
2-102414-D-17_16000_mono_16bit.wav,1,0,Other,True,100880,A
1-7973-A-7_16000_mono_16bit.wav,1,0,Other,True,100881,A
1-47273-A-21_16000_mono_16bit.wav,1,0,Other,True,100882,A
1-23996-B-35_16000_mono_16bit.wav,1,0,Other,True,100883,A
1-88807-A-39_16000_mono_16bit.wav,1,0,Other,True,100884,A
2-85945-A-18_16000_mono_16bit.wav,1,0,Other,True,100885,A
2-72688-A-42_16000_mono_16bit.wav,1,0,Other,True,100886,A
1-71030-A-6_16000_mono_16bit.wav,1,0,Other,True,100887,A
1-208757-D-2_16000_mono_16bit.wav,1,0,Other,True,100888,A
1-31836-A-4_16000_mono_16bit.wav,1,0,Other,True,100889,A
2-102581-A-29_16000_mono_16bit.wav,1,0,Other,True,100890,A
1-260640-C-2_16000_mono_16bit.wav,1,0,Other,True,100891,A
1-19118-A-24_16000_mono_16bit.wav,1,0,Other,True,100892,A
2-32515-D-4_16000_mono_16bit.wav,1,0,Other,True,100893,A
2-83934-A-5_16000_mono_16bit.wav,1,0,Other,True,100894,A
2-87799-A-24_16000_mono_16bit.wav,1,0,Other,True,100895,A
1-76831-A-42_16000_mono_16bit.wav,1,0,Other,True,100896,A
2-106014-A-44_16000_mono_16bit.wav,1,0,Other,True,100897,A
1-60460-A-36_16000_mono_16bit.wav,1,0,Other,True,100898,A
2-96904-A-27_16000_mono_16bit.wav,1,0,Other,True,100899,A
1-48413-A-38_16000_mono_16bit.wav,1,0,Other,True,100900,A
1-69760-A-16_16000_mono_16bit.wav,1,0,Other,True,100901,A
1-172649-C-40_16000_mono_16bit.wav,1,0,Other,True,100902,A
2-70936-A-42_16000_mono_16bit.wav,1,0,Other,True,100903,A
1-58277-A-3_16000_mono_16bit.wav,1,0,Other,True,100904,A
1-39923-A-1_16000_mono_16bit.wav,1,0,Other,True,100905,A
2-85292-A-24_16000_mono_16bit.wav,1,0,Other,True,100906,A
2-103427-A-3_16000_mono_16bit.wav,1,0,Other,True,100907,A
2-80844-A-13_16000_mono_16bit.wav,1,0,Other,True,100908,A
2-95035-A-1_16000_mono_16bit.wav,1,0,Other,True,100909,A
1-65483-A-13_16000_mono_16bit.wav,1,0,Other,True,100910,A
2-65484-A-18_16000_mono_16bit.wav,1,0,Other,True,100911,A
2-102435-A-37_16000_mono_16bit.wav,1,0,Other,True,100912,A
2-56926-A-46_16000_mono_16bit.wav,1,0,Other,True,100913,A
1-59513-A-0_16000_mono_16bit.wav,1,0,Other,True,100914,A
1-17970-A-4_16000_mono_16bit.wav,1,0,Other,True,100915,A
1-30214-A-18_16000_mono_16bit.wav,1,0,Other,True,100916,A
1-47250-B-41_16000_mono_16bit.wav,1,0,Other,True,100917,A
2-25293-A-22_16000_mono_16bit.wav,1,0,Other,True,100918,A
2-30322-A-12_16000_mono_16bit.wav,1,0,Other,True,100919,A
1-208757-C-2_16000_mono_16bit.wav,1,0,Other,True,100920,A
2-106015-A-44_16000_mono_16bit.wav,1,0,Other,True,100921,A
2-102567-B-35_16000_mono_16bit.wav,1,0,Other,True,100922,A
1-39835-B-9_16000_mono_16bit.wav,1,0,Other,True,100923,A
1-17367-A-10_16000_mono_16bit.wav,1,0,Other,True,100924,A
1-54747-A-46_16000_mono_16bit.wav,1,0,Other,True,100925,A
1-34119-B-1_16000_mono_16bit.wav,1,0,Other,True,100926,A
1-43807-D-47_16000_mono_16bit.wav,1,0,Other,True,100927,A
1-57795-A-8_16000_mono_16bit.wav,1,0,Other,True,100928,A
2-102567-D-35_16000_mono_16bit.wav,1,0,Other,True,100929,A
1-77160-A-3_16000_mono_16bit.wav,1,0,Other,True,100930,A
2-108760-A-14_16000_mono_16bit.wav,1,0,Other,True,100931,A
1-46938-A-7_16000_mono_16bit.wav,1,0,Other,True,100932,A
1-181071-A-40_16000_mono_16bit.wav,1,0,Other,True,100933,A
1-34497-A-14_16000_mono_16bit.wav,1,0,Other,True,100934,A
2-94230-A-27_16000_mono_16bit.wav,1,0,Other,True,100935,A
1-18074-B-6_16000_mono_16bit.wav,1,0,Other,True,100936,A
2-69131-B-5_16000_mono_16bit.wav,1,0,Other,True,100937,A
1-21935-A-38_16000_mono_16bit.wav,1,0,Other,True,100938,A
2-83536-A-27_16000_mono_16bit.wav,1,0,Other,True,100939,A
2-52085-A-4_16000_mono_16bit.wav,1,0,Other,True,100940,A
2-106849-A-47_16000_mono_16bit.wav,1,0,Other,True,100941,A
1-58923-B-27_16000_mono_16bit.wav,1,0,Other,True,100942,A
1-84536-A-39_16000_mono_16bit.wav,1,0,Other,True,100943,A
2-109231-C-9_16000_mono_16bit.wav,1,0,Other,True,100944,A
1-36400-A-23_16000_mono_16bit.wav,1,0,Other,True,100945,A
2-72547-D-14_16000_mono_16bit.wav,1,0,Other,True,100946,A
2-102581-B-29_16000_mono_16bit.wav,1,0,Other,True,100947,A
2-87795-A-24_16000_mono_16bit.wav,1,0,Other,True,100948,A
1-58846-A-34_16000_mono_16bit.wav,1,0,Other,True,100949,A
1-116765-A-41_16000_mono_16bit.wav,1,0,Other,True,100950,A
1-75190-A-8_16000_mono_16bit.wav,1,0,Other,True,100951,A
2-78381-A-46_16000_mono_16bit.wav,1,0,Other,True,100952,A
2-109231-B-9_16000_mono_16bit.wav,1,0,Other,True,100953,A
2-18766-A-12_16000_mono_16bit.wav,1,0,Other,True,100954,A
2-102414-E-17_16000_mono_16bit.wav,1,0,Other,True,100955,A
2-82077-A-7_16000_mono_16bit.wav,1,0,Other,True,100956,A
1-91359-B-11_16000_mono_16bit.wav,1,0,Other,True,100957,A
2-81970-A-7_16000_mono_16bit.wav,1,0,Other,True,100958,A
1-103298-A-9_16000_mono_16bit.wav,1,0,Other,True,100959,A
2-102414-B-17_16000_mono_16bit.wav,1,0,Other,True,100960,A
4-191327-A-38_16000_mono_16bit.wav,1,0,Other,True,100961,A
2-64962-A-15_16000_mono_16bit.wav,1,0,Other,True,100962,A
1-79146-A-29_16000_mono_16bit.wav,1,0,Other,True,100963,A
2-81731-A-10_16000_mono_16bit.wav,1,0,Other,True,100964,A
1-51805-C-33_16000_mono_16bit.wav,1,0,Other,True,100965,A
1-47274-A-21_16000_mono_16bit.wav,1,0,Other,True,100966,A
1-23996-A-35_16000_mono_16bit.wav,1,0,Other,True,100967,A
2-77945-B-41_16000_mono_16bit.wav,1,0,Other,True,100968,A
2-99955-A-7_16000_mono_16bit.wav,1,0,Other,True,100969,A
1-57318-A-13_16000_mono_16bit.wav,1,0,Other,True,100970,A
1-72229-B-6_16000_mono_16bit.wav,1,0,Other,True,100971,A
1-14262-A-37_16000_mono_16bit.wav,1,0,Other,True,100972,A
1-61261-A-44_16000_mono_16bit.wav,1,0,Other,True,100973,A
1-54505-A-21_16000_mono_16bit.wav,1,0,Other,True,100974,A
1-52323-A-24_16000_mono_16bit.wav,1,0,Other,True,100975,A
2-70938-A-42_16000_mono_16bit.wav,1,0,Other,True,100976,A
2-108017-A-24_16000_mono_16bit.wav,1,0,Other,True,100977,A
1-60997-B-20_16000_mono_16bit.wav,1,0,Other,True,100978,A
1-62850-A-38_16000_mono_16bit.wav,1,0,Other,True,100979,A
2-72970-A-10_16000_mono_16bit.wav,1,0,Other,True,100980,A
2-104475-A-37_16000_mono_16bit.wav,1,0,Other,True,100981,A
1-25777-A-48_16000_mono_16bit.wav,1,0,Other,True,100982,A
1-30709-C-23_16000_mono_16bit.wav,1,0,Other,True,100983,A
2-39945-C-19_16000_mono_16bit.wav,1,0,Other,True,100984,A
1-27166-A-35_16000_mono_16bit.wav,1,0,Other,True,100985,A
1-68734-A-34_16000_mono_16bit.wav,1,0,Other,True,100986,A
1-34495-A-14_16000_mono_16bit.wav,1,0,Other,True,100987,A
1-39937-A-28_16000_mono_16bit.wav,1,0,Other,True,100988,A
1-56380-A-5_16000_mono_16bit.wav,1,0,Other,True,100989,A
1-45645-A-31_16000_mono_16bit.wav,1,0,Other,True,100990,A
2-85434-A-27_16000_mono_16bit.wav,1,0,Other,True,100991,A
2-93030-A-21_16000_mono_16bit.wav,1,0,Other,True,100992,A
1-46353-A-49_16000_mono_16bit.wav,1,0,Other,True,100993,A
4-191687-A-0_16000_mono_16bit.wav,1,0,Other,True,100994,A
2-80313-A-28_16000_mono_16bit.wav,1,0,Other,True,100995,A
1-73585-A-7_16000_mono_16bit.wav,1,0,Other,True,100996,A
2-102567-C-35_16000_mono_16bit.wav,1,0,Other,True,100997,A
1-64398-B-41_16000_mono_16bit.wav,1,0,Other,True,100998,A
1-68628-A-27_16000_mono_16bit.wav,1,0,Other,True,100999,A
2-98392-A-23_16000_mono_16bit.wav,1,0,Other,True,101000,A
2-103424-A-3_16000_mono_16bit.wav,1,0,Other,True,101001,A
1-22694-A-20_16000_mono_16bit.wav,1,0,Other,True,101002,A
1-28135-A-11_16000_mono_16bit.wav,1,0,Other,True,101003,A
1-172649-E-40_16000_mono_16bit.wav,1,0,Other,True,101004,A
1-12653-A-15_16000_mono_16bit.wav,1,0,Other,True,101005,A
1-24076-A-43_16000_mono_16bit.wav,1,0,Other,True,101006,A
1-40730-A-1_16000_mono_16bit.wav,1,0,Other,True,101007,A
1-51037-A-16_16000_mono_16bit.wav,1,0,Other,True,101008,A
1-9841-A-13_16000_mono_16bit.wav,1,0,Other,True,101009,A
1-19898-A-41_16000_mono_16bit.wav,1,0,Other,True,101010,A
1-155858-B-25_16000_mono_16bit.wav,1,0,Other,True,101011,A
1-54065-A-45_16000_mono_16bit.wav,1,0,Other,True,101012,A
2-65750-A-1_16000_mono_16bit.wav,1,0,Other,True,101013,A
1-80841-A-13_16000_mono_16bit.wav,1,0,Other,True,101014,A
2-82538-A-21_16000_mono_16bit.wav,1,0,Other,True,101015,A
2-57733-A-22_16000_mono_16bit.wav,1,0,Other,True,101016,A
1-53663-A-24_16000_mono_16bit.wav,1,0,Other,True,101017,A
2-99955-B-7_16000_mono_16bit.wav,1,0,Other,True,101018,A
2-81112-A-34_16000_mono_16bit.wav,1,0,Other,True,101019,A
1-101404-A-34_16000_mono_16bit.wav,1,0,Other,True,101020,A
1-7974-A-49_16000_mono_16bit.wav,1,0,Other,True,101021,A
2-52789-A-4_16000_mono_16bit.wav,1,0,Other,True,101022,A
1-32318-A-0_16000_mono_16bit.wav,1,0,Other,True,101023,A
1-81001-A-30_16000_mono_16bit.wav,1,0,Other,True,101024,A
2-78781-A-47_16000_mono_16bit.wav,1,0,Other,True,101025,A
1-208757-A-2_16000_mono_16bit.wav,1,0,Other,True,101026,A
2-77945-A-41_16000_mono_16bit.wav,1,0,Other,True,101027,A
1-94036-A-22_16000_mono_16bit.wav,1,0,Other,True,101028,A
1-52290-A-30_16000_mono_16bit.wav,1,0,Other,True,101029,A
1-81269-A-3_16000_mono_16bit.wav,1,0,Other,True,101030,A
2-30322-B-12_16000_mono_16bit.wav,1,0,Other,True,101031,A
1-18527-B-44_16000_mono_16bit.wav,1,0,Other,True,101032,A
2-78562-B-37_16000_mono_16bit.wav,1,0,Other,True,101033,A
2-106073-A-36_16000_mono_16bit.wav,1,0,Other,True,101034,A
2-87282-A-34_16000_mono_16bit.wav,1,0,Other,True,101035,A
2-60180-B-49_16000_mono_16bit.wav,1,0,Other,True,101036,A
1-39901-B-11_16000_mono_16bit.wav,1,0,Other,True,101037,A
1-19898-C-41_16000_mono_16bit.wav,1,0,Other,True,101038,A
1-85168-A-39_16000_mono_16bit.wav,1,0,Other,True,101039,A
2-75726-A-6_16000_mono_16bit.wav,1,0,Other,True,101040,A
1-68670-A-34_16000_mono_16bit.wav,1,0,Other,True,101041,A
1-26806-A-1_16000_mono_16bit.wav,1,0,Other,True,101042,A
1-24524-B-19_16000_mono_16bit.wav,1,0,Other,True,101043,A
1-27405-A-28_16000_mono_16bit.wav,1,0,Other,True,101044,A
1-60997-A-20_16000_mono_16bit.wav,1,0,Other,True,101045,A
2-18766-B-12_16000_mono_16bit.wav,1,0,Other,True,101046,A
1-41615-A-34_16000_mono_16bit.wav,1,0,Other,True,101047,A
1-32373-A-35_16000_mono_16bit.wav,1,0,Other,True,101048,A
2-108767-B-9_16000_mono_16bit.wav,1,0,Other,True,101049,A
1-32579-A-29_16000_mono_16bit.wav,1,0,Other,True,101050,A
1-20736-A-18_16000_mono_16bit.wav,1,0,Other,True,101051,A
1-62849-A-38_16000_mono_16bit.wav,1,0,Other,True,101052,A
1-72695-A-26_16000_mono_16bit.wav,1,0,Other,True,101053,A
1-36402-A-23_16000_mono_16bit.wav,1,0,Other,True,101054,A
2-68391-B-41_16000_mono_16bit.wav,1,0,Other,True,101055,A
2-72547-C-14_16000_mono_16bit.wav,1,0,Other,True,101056,A
1-118559-A-17_16000_mono_16bit.wav,1,0,Other,True,101057,A
2-87780-A-33_16000_mono_16bit.wav,1,0,Other,True,101058,A
1-155858-C-25_16000_mono_16bit.wav,1,0,Other,True,101059,A
1-56269-A-18_16000_mono_16bit.wav,1,0,Other,True,101060,A
1-34119-A-1_16000_mono_16bit.wav,1,0,Other,True,101061,A
1-31748-A-21_16000_mono_16bit.wav,1,0,Other,True,101062,A
1-27403-A-28_16000_mono_16bit.wav,1,0,Other,True,101063,A
2-82274-B-5_16000_mono_16bit.wav,1,0,Other,True,101064,A
2-99795-A-32_16000_mono_16bit.wav,1,0,Other,True,101065,A
1-26188-A-30_16000_mono_16bit.wav,1,0,Other,True,101066,A
1-47714-A-16_16000_mono_16bit.wav,1,0,Other,True,101067,A
2-59565-A-46_16000_mono_16bit.wav,1,0,Other,True,101068,A
1-211527-C-20_16000_mono_16bit.wav,1,0,Other,True,101069,A
2-59321-A-49_16000_mono_16bit.wav,1,0,Other,True,101070,A
2-51173-A-35_16000_mono_16bit.wav,1,0,Other,True,101071,A
1-23222-A-19_16000_mono_16bit.wav,1,0,Other,True,101072,A
1-51036-A-16_16000_mono_16bit.wav,1,0,Other,True,101073,A
1-79113-A-5_16000_mono_16bit.wav,1,0,Other,True,101074,A
1-202111-A-3_16000_mono_16bit.wav,1,0,Other,True,101075,A
2-72677-A-18_16000_mono_16bit.wav,1,0,Other,True,101076,A
2-73260-A-10_16000_mono_16bit.wav,1,0,Other,True,101077,A
1-22882-A-44_16000_mono_16bit.wav,1,0,Other,True,101078,A
2-67422-A-18_16000_mono_16bit.wav,1,0,Other,True,101079,A
2-81970-C-7_16000_mono_16bit.wav,1,0,Other,True,101080,A
1-54958-A-10_16000_mono_16bit.wav,1,0,Other,True,101081,A
1-13571-A-46_16000_mono_16bit.wav,1,0,Other,True,101082,A
2-52001-B-28_16000_mono_16bit.wav,1,0,Other,True,101083,A
2-109371-B-16_16000_mono_16bit.wav,1,0,Other,True,101084,A
1-34094-B-5_16000_mono_16bit.wav,1,0,Other,True,101085,A
2-105270-A-47_16000_mono_16bit.wav,1,0,Other,True,101086,A
1-51805-B-33_16000_mono_16bit.wav,1,0,Other,True,101087,A
1-38560-A-14_16000_mono_16bit.wav,1,0,Other,True,101088,A
1-100210-A-36_16000_mono_16bit.wav,1,0,Other,True,101089,A
1-56311-A-10_16000_mono_16bit.wav,1,0,Other,True,101090,A
1-81001-B-30_16000_mono_16bit.wav,1,0,Other,True,101091,A
1-24524-C-19_16000_mono_16bit.wav,1,0,Other,True,101092,A
2-85471-A-34_16000_mono_16bit.wav,1,0,Other,True,101093,A
1-260640-B-2_16000_mono_16bit.wav,1,0,Other,True,101094,A
2-32515-C-4_16000_mono_16bit.wav,1,0,Other,True,101095,A
1-172649-F-40_16000_mono_16bit.wav,1,0,Other,True,101096,A
1-13572-A-46_16000_mono_16bit.wav,1,0,Other,True,101097,A
1-36164-A-26_16000_mono_16bit.wav,1,0,Other,True,101098,A
1-56380-B-5_16000_mono_16bit.wav,1,0,Other,True,101099,A
1-104089-B-22_16000_mono_16bit.wav,1,0,Other,True,101100,A
1-29561-A-10_16000_mono_16bit.wav,1,0,Other,True,101101,A
1-7456-A-13_16000_mono_16bit.wav,1,0,Other,True,101102,A
2-102414-G-17_16000_mono_16bit.wav,1,0,Other,True,101103,A
1-48298-A-46_16000_mono_16bit.wav,1,0,Other,True,101104,A
1-76831-C-42_16000_mono_16bit.wav,1,0,Other,True,101105,A
2-82071-A-27_16000_mono_16bit.wav,1,0,Other,True,101106,A
2-28314-A-12_16000_mono_16bit.wav,1,0,Other,True,101107,A
1-52266-A-24_16000_mono_16bit.wav,1,0,Other,True,101108,A
1-18757-A-4_16000_mono_16bit.wav,1,0,Other,True,101109,A
1-100038-A-14_16000_mono_16bit.wav,1,0,Other,True,101110,A
1-58923-A-27_16000_mono_16bit.wav,1,0,Other,True,101111,A
2-106881-A-39_16000_mono_16bit.wav,1,0,Other,True,101112,A
1-15689-B-4_16000_mono_16bit.wav,1,0,Other,True,101113,A
1-17742-A-12_16000_mono_16bit.wav,1,0,Other,True,101114,A
1-172649-A-40_16000_mono_16bit.wav,1,0,Other,True,101115,A
1-187207-A-20_16000_mono_16bit.wav,1,0,Other,True,101116,A
2-94807-A-29_16000_mono_16bit.wav,1,0,Other,True,101117,A
1-31251-A-6_16000_mono_16bit.wav,1,0,Other,True,101118,A
2-37870-A-2_16000_mono_16bit.wav,1,0,Other,True,101119,A
1-47819-B-5_16000_mono_16bit.wav,1,0,Other,True,101120,A
1-95563-A-31_16000_mono_16bit.wav,1,0,Other,True,101121,A
1-17124-A-43_16000_mono_16bit.wav,1,0,Other,True,101122,A
1-43764-A-34_16000_mono_16bit.wav,1,0,Other,True,101123,A
2-62226-A-26_16000_mono_16bit.wav,1,0,Other,True,101124,A
1-63871-A-10_16000_mono_16bit.wav,1,0,Other,True,101125,A
1-82817-A-30_16000_mono_16bit.wav,1,0,Other,True,101126,A
2-96654-A-47_16000_mono_16bit.wav,1,0,Other,True,101127,A
2-50668-B-41_16000_mono_16bit.wav,1,0,Other,True,101128,A
2-81270-A-1_16000_mono_16bit.wav,1,0,Other,True,101129,A
1-105224-A-22_16000_mono_16bit.wav,1,0,Other,True,101130,A
1-53444-A-28_16000_mono_16bit.wav,1,0,Other,True,101131,A
1-155858-A-25_16000_mono_16bit.wav,1,0,Other,True,101132,A
2-68595-B-15_16000_mono_16bit.wav,1,0,Other,True,101133,A
1-62565-A-44_16000_mono_16bit.wav,1,0,Other,True,101134,A
2-70280-A-18_16000_mono_16bit.wav,1,0,Other,True,101135,A
1-30226-A-0_16000_mono_16bit.wav,1,0,Other,True,101136,A
2-76408-A-22_16000_mono_16bit.wav,1,0,Other,True,101137,A
2-64332-A-18_16000_mono_16bit.wav,1,0,Other,True,101138,A
2-39441-A-19_16000_mono_16bit.wav,1,0,Other,True,101139,A
1-50623-A-15_16000_mono_16bit.wav,1,0,Other,True,101140,A
2-61618-A-46_16000_mono_16bit.wav,1,0,Other,True,101141,A
1-43760-A-11_16000_mono_16bit.wav,1,0,Other,True,101142,A
2-74977-A-18_16000_mono_16bit.wav,1,0,Other,True,101143,A
1-75189-A-7_16000_mono_16bit.wav,1,0,Other,True,101144,A
1-28808-A-43_16000_mono_16bit.wav,1,0,Other,True,101145,A
2-104105-B-19_16000_mono_16bit.wav,1,0,Other,True,101146,A
1-33658-A-26_16000_mono_16bit.wav,1,0,Other,True,101147,A
1-115920-B-22_16000_mono_16bit.wav,1,0,Other,True,101148,A
1-51805-H-33_16000_mono_16bit.wav,1,0,Other,True,101149,A
2-84943-A-18_16000_mono_16bit.wav,1,0,Other,True,101150,A
1-99958-A-31_16000_mono_16bit.wav,1,0,Other,True,101151,A
1-53467-A-47_16000_mono_16bit.wav,1,0,Other,True,101152,A
1-31482-A-42_16000_mono_16bit.wav,1,0,Other,True,101153,A
1-18655-A-31_16000_mono_16bit.wav,1,0,Other,True,101154,A
1-46938-B-7_16000_mono_16bit.wav,1,0,Other,True,101155,A
1-94231-B-32_16000_mono_16bit.wav,1,0,Other,True,101156,A
1-54065-B-45_16000_mono_16bit.wav,1,0,Other,True,101157,A
2-88724-A-38_16000_mono_16bit.wav,1,0,Other,True,101158,A
1-51805-G-33_16000_mono_16bit.wav,1,0,Other,True,101159,A
2-104476-A-37_16000_mono_16bit.wav,1,0,Other,True,101160,A
1-61534-A-27_16000_mono_16bit.wav,1,0,Other,True,101161,A
2-51630-B-49_16000_mono_16bit.wav,1,0,Other,True,101162,A
1-100210-B-36_16000_mono_16bit.wav,1,0,Other,True,101163,A
1-58792-A-24_16000_mono_16bit.wav,1,0,Other,True,101164,A
1-32373-B-35_16000_mono_16bit.wav,1,0,Other,True,101165,A
2-70344-A-33_16000_mono_16bit.wav,1,0,Other,True,101166,A
2-107351-B-20_16000_mono_16bit.wav,1,0,Other,True,101167,A
2-95258-A-1_16000_mono_16bit.wav,1,0,Other,True,101168,A
1-51805-F-33_16000_mono_16bit.wav,1,0,Other,True,101169,A
2-108767-C-9_16000_mono_16bit.wav,1,0,Other,True,101170,A
1-36929-A-47_16000_mono_16bit.wav,1,0,Other,True,101171,A
1-181071-B-40_16000_mono_16bit.wav,1,0,Other,True,101172,A
1-17808-B-12_16000_mono_16bit.wav,1,0,Other,True,101173,A
1-87565-A-29_16000_mono_16bit.wav,1,0,Other,True,101174,A
1-46040-A-14_16000_mono_16bit.wav,1,0,Other,True,101175,A
1-94231-A-32_16000_mono_16bit.wav,1,0,Other,True,101176,A
1-17585-A-7_16000_mono_16bit.wav,1,0,Other,True,101177,A
2-109374-A-16_16000_mono_16bit.wav,1,0,Other,True,101178,A
2-70366-A-33_16000_mono_16bit.wav,1,0,Other,True,101179,A
1-115545-B-48_16000_mono_16bit.wav,1,0,Other,True,101180,A
2-73544-A-27_16000_mono_16bit.wav,1,0,Other,True,101181,A
1-36164-B-26_16000_mono_16bit.wav,1,0,Other,True,101182,A
2-102414-F-17_16000_mono_16bit.wav,1,0,Other,True,101183,A
1-57316-A-13_16000_mono_16bit.wav,1,0,Other,True,101184,A
2-106019-A-13_16000_mono_16bit.wav,1,0,Other,True,101185,A
2-106486-A-44_16000_mono_16bit.wav,1,0,Other,True,101186,A
2-103428-A-3_16000_mono_16bit.wav,1,0,Other,True,101187,A
2-108760-B-14_16000_mono_16bit.wav,1,0,Other,True,101188,A
1-72229-A-6_16000_mono_16bit.wav,1,0,Other,True,101189,A
2-71162-A-1_16000_mono_16bit.wav,1,0,Other,True,101190,A
1-101336-A-30_16000_mono_16bit.wav,1,0,Other,True,101191,A
1-49409-A-8_16000_mono_16bit.wav,1,0,Other,True,101192,A
2-79769-A-26_16000_mono_16bit.wav,1,0,Other,True,101193,A
2-83270-A-13_16000_mono_16bit.wav,1,0,Other,True,101194,A
1-51433-A-17_16000_mono_16bit.wav,1,0,Other,True,101195,A
2-109316-A-32_16000_mono_16bit.wav,1,0,Other,True,101196,A
1-24524-A-19_16000_mono_16bit.wav,1,0,Other,True,101197,A
1-40621-A-28_16000_mono_16bit.wav,1,0,Other,True,101198,A
2-70367-A-33_16000_mono_16bit.wav,1,0,Other,True,101199,A
1-36393-A-23_16000_mono_16bit.wav,1,0,Other,True,101200,A
1-160563-B-48_16000_mono_16bit.wav,1,0,Other,True,101201,A
1-211527-B-20_16000_mono_16bit.wav,1,0,Other,True,101202,A
1-70300-A-45_16000_mono_16bit.wav,1,0,Other,True,101203,A
1-80840-A-13_16000_mono_16bit.wav,1,0,Other,True,101204,A
1-46272-A-12_16000_mono_16bit.wav,1,0,Other,True,101205,A
1-64473-A-45_16000_mono_16bit.wav,1,0,Other,True,101206,A
2-102568-A-35_16000_mono_16bit.wav,1,0,Other,True,101207,A
2-104952-A-16_16000_mono_16bit.wav,1,0,Other,True,101208,A
2-28314-B-12_16000_mono_16bit.wav,1,0,Other,True,101209,A
2-83667-A-34_16000_mono_16bit.wav,1,0,Other,True,101210,A
1-73123-A-26_16000_mono_16bit.wav,1,0,Other,True,101211,A
2-78651-A-44_16000_mono_16bit.wav,1,0,Other,True,101212,A
1-155858-E-25_16000_mono_16bit.wav,1,0,Other,True,101213,A
2-54961-A-23_16000_mono_16bit.wav,1,0,Other,True,101214,A
2-52001-A-28_16000_mono_16bit.wav,1,0,Other,True,101215,A
2-77347-A-46_16000_mono_16bit.wav,1,0,Other,True,101216,A
1-49409-B-8_16000_mono_16bit.wav,1,0,Other,True,101217,A
1-96950-B-9_16000_mono_16bit.wav,1,0,Other,True,101218,A
1-7057-A-12_16000_mono_16bit.wav,1,0,Other,True,101219,A
1-81851-A-31_16000_mono_16bit.wav,1,0,Other,True,101220,A
2-60180-A-49_16000_mono_16bit.wav,1,0,Other,True,101221,A
2-37806-C-40_16000_mono_16bit.wav,1,0,Other,True,101222,A
1-27724-A-1_16000_mono_16bit.wav,1,0,Other,True,101223,A
1-223162-A-25_16000_mono_16bit.wav,1,0,Other,True,101224,A
1-103999-A-30_16000_mono_16bit.wav,1,0,Other,True,101225,A
2-78799-A-47_16000_mono_16bit.wav,1,0,Other,True,101226,A
1-47819-A-5_16000_mono_16bit.wav,1,0,Other,True,101227,A
1-79711-A-32_16000_mono_16bit.wav,1,0,Other,True,101228,A
1-137296-A-16_16000_mono_16bit.wav,1,0,Other,True,101229,A
2-76408-C-22_16000_mono_16bit.wav,1,0,Other,True,101230,A
2-61311-A-12_16000_mono_16bit.wav,1,0,Other,True,101231,A
1-79220-A-17_16000_mono_16bit.wav,1,0,Other,True,101232,A
2-104105-A-19_16000_mono_16bit.wav,1,0,Other,True,101233,A
1-90797-A-15_16000_mono_16bit.wav,1,0,Other,True,101234,A
2-102852-A-11_16000_mono_16bit.wav,1,0,Other,True,101235,A
1-27165-A-35_16000_mono_16bit.wav,1,0,Other,True,101236,A
4 (49).wav,2,0,Gunshot,True,101237,B
8 (1).wav,2,0,Gunshot,True,101238,B
2 (7).wav,2,0,Gunshot,True,101239,B
3 (97).wav,2,0,Gunshot,True,101240,B
7 (7).wav,2,0,Gunshot,True,101241,B
7 (50).wav,2,0,Gunshot,True,101242,B
7 (60).wav,2,0,Gunshot,True,101243,B
2 (91).wav,2,0,Gunshot,True,101244,B
3 (34).wav,2,0,Gunshot,True,101245,B
1 (64).wav,2,0,Gunshot,True,101246,B
7 (91).wav,2,0,Gunshot,True,101247,B
3 (89).wav,2,0,Gunshot,True,101248,B
3 (92).wav,2,0,Gunshot,True,101249,B
8 (6).wav,2,0,Gunshot,True,101250,B
1 (49).wav,2,0,Gunshot,True,101251,B
8 (3).wav,2,0,Gunshot,True,101252,B
9 (66).wav,2,0,Gunshot,True,101253,B
6 (85).wav,2,0,Gunshot,True,101254,B
5 (38).wav,2,0,Gunshot,True,101255,B
1 (61).wav,2,0,Gunshot,True,101256,B
2 (90).wav,2,0,Gunshot,True,101257,B
8 (55).wav,2,0,Gunshot,True,101258,B
6 (97).wav,2,0,Gunshot,True,101259,B
4 (62).wav,2,0,Gunshot,True,101260,B
3 (59).wav,2,0,Gunshot,True,101261,B
6 (32).wav,2,0,Gunshot,True,101262,B
5 (7).wav,2,0,Gunshot,True,101263,B
5 (81).wav,2,0,Gunshot,True,101264,B
5 (96).wav,2,0,Gunshot,True,101265,B
4 (30).wav,2,0,Gunshot,True,101266,B
2 (16).wav,2,0,Gunshot,True,101267,B
7 (81).wav,2,0,Gunshot,True,101268,B
3 (88).wav,2,0,Gunshot,True,101269,B
4 (88).wav,2,0,Gunshot,True,101270,B
9 (37).wav,2,0,Gunshot,True,101271,B
8 (66).wav,2,0,Gunshot,True,101272,B
8 (17).wav,2,0,Gunshot,True,101273,B
6 (72).wav,2,0,Gunshot,True,101274,B
7 (90).wav,2,0,Gunshot,True,101275,B
5 (37).wav,2,0,Gunshot,True,101276,B
2 (82).wav,2,0,Gunshot,True,101277,B
1 (46).wav,2,0,Gunshot,True,101278,B
7 (5).wav,2,0,Gunshot,True,101279,B
3 (98).wav,2,0,Gunshot,True,101280,B
6 (11).wav,2,0,Gunshot,True,101281,B
6 (84).wav,2,0,Gunshot,True,101282,B
6 (42).wav,2,0,Gunshot,True,101283,B
5 (26).wav,2,0,Gunshot,True,101284,B
9 (50).wav,2,0,Gunshot,True,101285,B
7 (72).wav,2,0,Gunshot,True,101286,B
1 (32).wav,2,0,Gunshot,True,101287,B
3 (31).wav,2,0,Gunshot,True,101288,B
5 (72).wav,2,0,Gunshot,True,101289,B
1 (59).wav,2,0,Gunshot,True,101290,B
4 (86).wav,2,0,Gunshot,True,101291,B
6 (74).wav,2,0,Gunshot,True,101292,B
6 (19).wav,2,0,Gunshot,True,101293,B
7 (100).wav,2,0,Gunshot,True,101294,B
3 (47).wav,2,0,Gunshot,True,101295,B
8 (94).wav,2,0,Gunshot,True,101296,B
3 (21).wav,2,0,Gunshot,True,101297,B
2 (64).wav,2,0,Gunshot,True,101298,B
1 (56).wav,2,0,Gunshot,True,101299,B
5 (71).wav,2,0,Gunshot,True,101300,B
8 (30).wav,2,0,Gunshot,True,101301,B
7 (77).wav,2,0,Gunshot,True,101302,B
7 (61).wav,2,0,Gunshot,True,101303,B
3 (11).wav,2,0,Gunshot,True,101304,B
6 (98).wav,2,0,Gunshot,True,101305,B
3 (25).wav,2,0,Gunshot,True,101306,B
9 (17).wav,2,0,Gunshot,True,101307,B
3 (51).wav,2,0,Gunshot,True,101308,B
2 (88).wav,2,0,Gunshot,True,101309,B
7 (55).wav,2,0,Gunshot,True,101310,B
4 (57).wav,2,0,Gunshot,True,101311,B
6 (36).wav,2,0,Gunshot,True,101312,B
6 (68).wav,2,0,Gunshot,True,101313,B
1 (8).wav,2,0,Gunshot,True,101314,B
4 (90).wav,2,0,Gunshot,True,101315,B
1 (37).wav,2,0,Gunshot,True,101316,B
9 (13).wav,2,0,Gunshot,True,101317,B
7 (34).wav,2,0,Gunshot,True,101318,B
8 (91).wav,2,0,Gunshot,True,101319,B
6 (87).wav,2,0,Gunshot,True,101320,B
5 (60).wav,2,0,Gunshot,True,101321,B
1-7974-B-49_16000_mono_16bit.wav,2,0,Other,True,101322,B
1-23706-A-49_16000_mono_16bit.wav,2,0,Other,True,101323,B
3-152039-B-3_16000_mono_16bit.wav,2,0,Other,True,101324,B
3-151557-B-28_16000_mono_16bit.wav,2,0,Other,True,101325,B
1-977-A-39_16000_mono_16bit.wav,2,0,Other,True,101326,B
1-12654-B-15_16000_mono_16bit.wav,2,0,Other,True,101327,B
1-18755-B-4_16000_mono_16bit.wav,2,0,Other,True,101328,B
4-119648-A-48_16000_mono_16bit.wav,2,0,Other,True,101329,B
4-157296-A-24_16000_mono_16bit.wav,2,0,Other,True,101330,B
1-9886-A-49_16000_mono_16bit.wav,2,0,Other,True,101331,B
3-151213-A-24_16000_mono_16bit.wav,2,0,Other,True,101332,B
4-125825-A-46_16000_mono_16bit.wav,2,0,Other,True,101333,B
3-132340-A-37_16000_mono_16bit.wav,2,0,Other,True,101334,B
3-129264-A-9_16000_mono_16bit.wav,2,0,Other,True,101335,B
3-249913-A-25_16000_mono_16bit.wav,2,0,Other,True,101336,B
3-140774-A-10_16000_mono_16bit.wav,2,0,Other,True,101337,B
4-154405-B-27_16000_mono_16bit.wav,2,0,Other,True,101338,B
3-164216-C-6_16000_mono_16bit.wav,2,0,Other,True,101339,B
3-145387-A-29_16000_mono_16bit.wav,2,0,Other,True,101340,B
4-151242-A-37_16000_mono_16bit.wav,2,0,Other,True,101341,B
3-128512-B-47_16000_mono_16bit.wav,2,0,Other,True,101342,B
4-182368-A-12_16000_mono_16bit.wav,2,0,Other,True,101343,B
4-161303-A-5_16000_mono_16bit.wav,2,0,Other,True,101344,B
3-233151-A-2_16000_mono_16bit.wav,2,0,Other,True,101345,B
4-172732-A-36_16000_mono_16bit.wav,2,0,Other,True,101346,B
4-164064-B-1_16000_mono_16bit.wav,2,0,Other,True,101347,B
4-126532-A-18_16000_mono_16bit.wav,2,0,Other,True,101348,B
4-119648-D-48_16000_mono_16bit.wav,2,0,Other,True,101349,B
1-31251-B-6_16000_mono_16bit.wav,2,0,Other,True,101350,B
4-145006-A-18_16000_mono_16bit.wav,2,0,Other,True,101351,B
4-171519-A-21_16000_mono_16bit.wav,2,0,Other,True,101352,B
4-161105-A-47_16000_mono_16bit.wav,2,0,Other,True,101353,B
4-119648-C-48_16000_mono_16bit.wav,2,0,Other,True,101354,B
3-187549-A-6_16000_mono_16bit.wav,2,0,Other,True,101355,B
3-155556-A-31_16000_mono_16bit.wav,2,0,Other,True,101356,B
1-22804-A-46_16000_mono_16bit.wav,2,0,Other,True,101357,B
1-9887-A-49_16000_mono_16bit.wav,2,0,Other,True,101358,B
3-171281-A-6_16000_mono_16bit.wav,2,0,Other,True,101359,B
3-169907-A-29_16000_mono_16bit.wav,2,0,Other,True,101360,B
1-29532-A-16_16000_mono_16bit.wav,2,0,Other,True,101361,B
4-163608-B-16_16000_mono_16bit.wav,2,0,Other,True,101362,B
3-151080-A-20_16000_mono_16bit.wav,2,0,Other,True,101363,B
1-12654-A-15_16000_mono_16bit.wav,2,0,Other,True,101364,B
4-184235-A-28_16000_mono_16bit.wav,2,0,Other,True,101365,B
4-172742-A-32_16000_mono_16bit.wav,2,0,Other,True,101366,B
1-17092-A-27_16000_mono_16bit.wav,2,0,Other,True,101367,B
1-19501-A-7_16000_mono_16bit.wav,2,0,Other,True,101368,B
3-152007-A-20_16000_mono_16bit.wav,2,0,Other,True,101369,B
4-186962-A-44_16000_mono_16bit.wav,2,0,Other,True,101370,B
4-165791-B-45_16000_mono_16bit.wav,2,0,Other,True,101371,B
4-164661-B-12_16000_mono_16bit.wav,2,0,Other,True,101372,B
1-26177-A-43_16000_mono_16bit.wav,2,0,Other,True,101373,B
4-168155-A-15_16000_mono_16bit.wav,2,0,Other,True,101374,B
1-21189-A-10_16000_mono_16bit.wav,2,0,Other,True,101375,B
4-174797-A-15_16000_mono_16bit.wav,2,0,Other,True,101376,B
3-188390-A-6_16000_mono_16bit.wav,2,0,Other,True,101377,B
4-154793-A-4_16000_mono_16bit.wav,2,0,Other,True,101378,B
3-181132-A-14_16000_mono_16bit.wav,2,0,Other,True,101379,B
4-176631-A-43_16000_mono_16bit.wav,2,0,Other,True,101380,B
1-31482-B-42_16000_mono_16bit.wav,2,0,Other,True,101381,B
1-18631-A-23_16000_mono_16bit.wav,2,0,Other,True,101382,B
3-144028-A-0_16000_mono_16bit.wav,2,0,Other,True,101383,B
4-188287-A-9_16000_mono_16bit.wav,2,0,Other,True,101384,B
4-163264-A-10_16000_mono_16bit.wav,2,0,Other,True,101385,B
3-142593-A-38_16000_mono_16bit.wav,2,0,Other,True,101386,B
4-117627-A-25_16000_mono_16bit.wav,2,0,Other,True,101387,B
4-161103-A-47_16000_mono_16bit.wav,2,0,Other,True,101388,B
3-144259-A-29_16000_mono_16bit.wav,2,0,Other,True,101389,B
1-17295-A-29_16000_mono_16bit.wav,2,0,Other,True,101390,B
4-187504-A-17_16000_mono_16bit.wav,2,0,Other,True,101391,B
1-18755-A-4_16000_mono_16bit.wav,2,0,Other,True,101392,B
7 (67).wav,3,0,Gunshot,True,101393,C
5 (51).wav,3,0,Gunshot,True,101394,C
5 (93).wav,3,0,Gunshot,True,101395,C
3 (43).wav,3,0,Gunshot,True,101396,C
8 (50).wav,3,0,Gunshot,True,101397,C
5 (29).wav,3,0,Gunshot,True,101398,C
2 (53).wav,3,0,Gunshot,True,101399,C
2 (10).wav,3,0,Gunshot,True,101400,C
4 (5).wav,3,0,Gunshot,True,101401,C
3 (12).wav,3,0,Gunshot,True,101402,C
5 (11).wav,3,0,Gunshot,True,101403,C
8 (87).wav,3,0,Gunshot,True,101404,C
6 (10).wav,3,0,Gunshot,True,101405,C
6 (99).wav,3,0,Gunshot,True,101406,C
1 (71).wav,3,0,Gunshot,True,101407,C
8 (29).wav,3,0,Gunshot,True,101408,C
1 (51).wav,3,0,Gunshot,True,101409,C
7 (92).wav,3,0,Gunshot,True,101410,C
7 (68).wav,3,0,Gunshot,True,101411,C
7 (66).wav,3,0,Gunshot,True,101412,C
6 (91).wav,3,0,Gunshot,True,101413,C
7 (29).wav,3,0,Gunshot,True,101414,C
3 (82).wav,3,0,Gunshot,True,101415,C
1 (26).wav,3,0,Gunshot,True,101416,C
7 (36).wav,3,0,Gunshot,True,101417,C
3 (4).wav,3,0,Gunshot,True,101418,C
7 (85).wav,3,0,Gunshot,True,101419,C
6 (52).wav,3,0,Gunshot,True,101420,C
8 (81).wav,3,0,Gunshot,True,101421,C
7 (82).wav,3,0,Gunshot,True,101422,C
4 (10).wav,3,0,Gunshot,True,101423,C
6 (79).wav,3,0,Gunshot,True,101424,C
9 (45).wav,3,0,Gunshot,True,101425,C
3 (36).wav,3,0,Gunshot,True,101426,C
6 (93).wav,3,0,Gunshot,True,101427,C
7 (44).wav,3,0,Gunshot,True,101428,C
5 (68).wav,3,0,Gunshot,True,101429,C
9 (56).wav,3,0,Gunshot,True,101430,C
3 (66).wav,3,0,Gunshot,True,101431,C
4 (28).wav,3,0,Gunshot,True,101432,C
8 (18).wav,3,0,Gunshot,True,101433,C
8 (76).wav,3,0,Gunshot,True,101434,C
2 (44).wav,3,0,Gunshot,True,101435,C
5 (36).wav,3,0,Gunshot,True,101436,C
8 (32).wav,3,0,Gunshot,True,101437,C
6 (71).wav,3,0,Gunshot,True,101438,C
7 (52).wav,3,0,Gunshot,True,101439,C
9 (30).wav,3,0,Gunshot,True,101440,C
5 (12).wav,3,0,Gunshot,True,101441,C
4 (87).wav,3,0,Gunshot,True,101442,C
1 (20).wav,3,0,Gunshot,True,101443,C
2 (97).wav,3,0,Gunshot,True,101444,C
7 (23).wav,3,0,Gunshot,True,101445,C
4 (73).wav,3,0,Gunshot,True,101446,C
7 (99).wav,3,0,Gunshot,True,101447,C
4 (91).wav,3,0,Gunshot,True,101448,C
4 (55).wav,3,0,Gunshot,True,101449,C
8 (43).wav,3,0,Gunshot,True,101450,C
5 (43).wav,3,0,Gunshot,True,101451,C
9 (73).wav,3,0,Gunshot,True,101452,C
7 (22).wav,3,0,Gunshot,True,101453,C
9 (19).wav,3,0,Gunshot,True,101454,C
7 (54).wav,3,0,Gunshot,True,101455,C
9 (72).wav,3,0,Gunshot,True,101456,C
1 (6).wav,3,0,Gunshot,True,101457,C
8 (22).wav,3,0,Gunshot,True,101458,C
9 (22).wav,3,0,Gunshot,True,101459,C
8 (11).wav,3,0,Gunshot,True,101460,C
9 (31).wav,3,0,Gunshot,True,101461,C
7 (6).wav,3,0,Gunshot,True,101462,C
9 (23).wav,3,0,Gunshot,True,101463,C
4 (72).wav,3,0,Gunshot,True,101464,C
4 (52).wav,3,0,Gunshot,True,101465,C
5 (98).wav,3,0,Gunshot,True,101466,C
8 (49).wav,3,0,Gunshot,True,101467,C
5 (74).wav,3,0,Gunshot,True,101468,C
4 (98).wav,3,0,Gunshot,True,101469,C
8 (98).wav,3,0,Gunshot,True,101470,C
7 (20).wav,3,0,Gunshot,True,101471,C
8 (60).wav,3,0,Gunshot,True,101472,C
5 (48).wav,3,0,Gunshot,True,101473,C
2 (40).wav,3,0,Gunshot,True,101474,C
1 (5).wav,3,0,Gunshot,True,101475,C
1 (7).wav,3,0,Gunshot,True,101476,C
9 (62).wav,3,0,Gunshot,True,101477,C
1 (25).wav,3,0,Gunshot,True,101478,C
4-160999-A-10_16000_mono_16bit.wav,3,0,Other,True,101479,C
4-149294-A-41_16000_mono_16bit.wav,3,0,Other,True,101480,C
4-164064-C-1_16000_mono_16bit.wav,3,0,Other,True,101481,C
3-142349-A-17_16000_mono_16bit.wav,3,0,Other,True,101482,C
4-144083-B-16_16000_mono_16bit.wav,3,0,Other,True,101483,C
4-143118-A-7_16000_mono_16bit.wav,3,0,Other,True,101484,C
3-140323-A-29_16000_mono_16bit.wav,3,0,Other,True,101485,C
3-161500-A-17_16000_mono_16bit.wav,3,0,Other,True,101486,C
4-172736-B-36_16000_mono_16bit.wav,3,0,Other,True,101487,C
3-142006-A-10_16000_mono_16bit.wav,3,0,Other,True,101488,C
3-100024-B-27_16000_mono_16bit.wav,3,0,Other,True,101489,C
4-181035-A-38_16000_mono_16bit.wav,3,0,Other,True,101490,C
3-92637-A-18_16000_mono_16bit.wav,3,0,Other,True,101491,C
4-188033-A-38_16000_mono_16bit.wav,3,0,Other,True,101492,C
4-182839-A-17_16000_mono_16bit.wav,3,0,Other,True,101493,C
3-103401-D-33_16000_mono_16bit.wav,3,0,Other,True,101494,C
4-172500-C-27_16000_mono_16bit.wav,3,0,Other,True,101495,C
3-97909-A-49_16000_mono_16bit.wav,3,0,Other,True,101496,C
3-105236-A-7_16000_mono_16bit.wav,3,0,Other,True,101497,C
3-119120-D-48_16000_mono_16bit.wav,3,0,Other,True,101498,C
4-140034-A-46_16000_mono_16bit.wav,3,0,Other,True,101499,C
4-167571-A-26_16000_mono_16bit.wav,3,0,Other,True,101500,C
4-161099-B-47_16000_mono_16bit.wav,3,0,Other,True,101501,C
3-119459-A-26_16000_mono_16bit.wav,3,0,Other,True,101502,C
3-128512-A-47_16000_mono_16bit.wav,3,0,Other,True,101503,C
4-189832-B-22_16000_mono_16bit.wav,3,0,Other,True,101504,C
4-167063-C-11_16000_mono_16bit.wav,3,0,Other,True,101505,C
4-176638-A-43_16000_mono_16bit.wav,3,0,Other,True,101506,C
3-164120-A-11_16000_mono_16bit.wav,3,0,Other,True,101507,C
4-125929-A-40_16000_mono_16bit.wav,3,0,Other,True,101508,C
4-175000-C-40_16000_mono_16bit.wav,3,0,Other,True,101509,C
4-171396-A-24_16000_mono_16bit.wav,3,0,Other,True,101510,C
3-174840-A-43_16000_mono_16bit.wav,3,0,Other,True,101511,C
3-140199-A-8_16000_mono_16bit.wav,3,0,Other,True,101512,C
3-197435-A-22_16000_mono_16bit.wav,3,0,Other,True,101513,C
3-151089-A-30_16000_mono_16bit.wav,3,0,Other,True,101514,C
3-68630-B-40_16000_mono_16bit.wav,3,0,Other,True,101515,C
4-164243-A-26_16000_mono_16bit.wav,3,0,Other,True,101516,C
3-100024-A-27_16000_mono_16bit.wav,3,0,Other,True,101517,C
3-65748-A-12_16000_mono_16bit.wav,3,0,Other,True,101518,C
4-167642-A-21_16000_mono_16bit.wav,3,0,Other,True,101519,C
4-132839-A-33_16000_mono_16bit.wav,3,0,Other,True,101520,C
3-164594-A-15_16000_mono_16bit.wav,3,0,Other,True,101521,C
3-164216-B-6_16000_mono_16bit.wav,3,0,Other,True,101522,C
4-187769-A-14_16000_mono_16bit.wav,3,0,Other,True,101523,C
3-182025-A-30_16000_mono_16bit.wav,3,0,Other,True,101524,C
4-181955-A-3_16000_mono_16bit.wav,3,0,Other,True,101525,C
4-183992-A-0_16000_mono_16bit.wav,3,0,Other,True,101526,C
3-203371-A-39_16000_mono_16bit.wav,3,0,Other,True,101527,C
4-130891-A-7_16000_mono_16bit.wav,3,0,Other,True,101528,C
3-124795-A-28_16000_mono_16bit.wav,3,0,Other,True,101529,C
3-51909-B-42_16000_mono_16bit.wav,3,0,Other,True,101530,C
4-154443-A-24_16000_mono_16bit.wav,3,0,Other,True,101531,C
4-119648-B-48_16000_mono_16bit.wav,3,0,Other,True,101532,C
4-171652-A-44_16000_mono_16bit.wav,3,0,Other,True,101533,C
3-166546-A-34_16000_mono_16bit.wav,3,0,Other,True,101534,C
3-110536-A-26_16000_mono_16bit.wav,3,0,Other,True,101535,C
3-98869-A-46_16000_mono_16bit.wav,3,0,Other,True,101536,C
4-167063-A-11_16000_mono_16bit.wav,3,0,Other,True,101537,C
4-132803-A-26_16000_mono_16bit.wav,3,0,Other,True,101538,C
3-208820-A-49_16000_mono_16bit.wav,3,0,Other,True,101539,C
4-147657-A-46_16000_mono_16bit.wav,3,0,Other,True,101540,C
4-188595-A-29_16000_mono_16bit.wav,3,0,Other,True,101541,C
3-150363-A-38_16000_mono_16bit.wav,3,0,Other,True,101542,C
3-101381-B-33_16000_mono_16bit.wav,3,0,Other,True,101543,C
3-122110-A-46_16000_mono_16bit.wav,3,0,Other,True,101544,C
3-171937-A-34_16000_mono_16bit.wav,3,0,Other,True,101545,C
3-164595-A-15_16000_mono_16bit.wav,3,0,Other,True,101546,C
3-137152-A-1_16000_mono_16bit.wav,3,0,Other,True,101547,C
3-152020-B-36_16000_mono_16bit.wav,3,0,Other,True,101548,C
4-164064-A-1_16000_mono_16bit.wav,3,0,Other,True,101549,C
4-149940-A-5_16000_mono_16bit.wav,3,0,Other,True,101550,C
4-161303-B-5_16000_mono_16bit.wav,3,0,Other,True,101551,C
4-182369-A-12_16000_mono_16bit.wav,3,0,Other,True,101552,C
4-181955-C-3_16000_mono_16bit.wav,3,0,Other,True,101553,C
3-155577-A-14_16000_mono_16bit.wav,3,0,Other,True,101554,C
3-197408-A-8_16000_mono_16bit.wav,3,0,Other,True,101555,C
3-123086-A-28_16000_mono_16bit.wav,3,0,Other,True,101556,C
3-185456-A-29_16000_mono_16bit.wav,3,0,Other,True,101557,C
